datetime,unique_id,temp,humidity,decibels,latitude,longitude,last_fix,status
2025-10-31 21:48:30,device_0,24.80,55.00,40.73,-1.00000000,-1.00000000,-1.00,OK
2025-10-31 21:48:35,device_0,25.20,56.60,40.41,-1.00000000,-1.00000000,-1.00,OK
2025-10-31 21:48:40,device_0,25.30,58.00,40.63,-1.00000000,-1.00000000,-1.00,OK
2025-10-31 21:48:45,device_0,25.30,58.00,42.04,-1.00000000,-1.00000000,-1.00,OK
2025-10-31 21:48:50,device_0,25.30,58.00,40.98,-1.00000000,-1.00000000,-1.00,OK
2025-10-31 21:48:55,device_0,25.34,58.40,47.88,-1.00000000,-1.00000000,-1.00,OK
2025-10-31 21:49:00,device_0,25.80,59.00,63.88,-1.00000000,-1.00000000,-1.00,OK
2025-10-31 21:49:05,device_0,25.80,59.00,40.80,-1.00000000,-1.00000000,-1.00,OK
2025-10-31 21:53:04,device_0,26.20,59.00,35.60,-1.00000000,-1.00000000,-1.00,OK
2025-10-31 21:53:09,device_0,26.20,59.00,36.16,-1.00000000,-1.00000000,-1.00,OK
2025-10-31 21:53:10,device_0,26.20,60.00,42.64,-1.00000000,-1.00000000,-1.00,EMERGENCY
2025-10-31 21:53:13,device_0,26.20,60.00,42.69,-1.00000000,-1.00000000,-1.00,EMERGENCY
2025-10-31 21:53:18,device_0,26.20,60.00,41.83,-1.00000000,-1.00000000,-1.00,EMERGENCY
2025-10-31 21:53:23,device_0,26.20,60.00,42.49,-1.00000000,-1.00000000,-1.00,EMERGENCY
2025-10-31 21:53:28,device_0,26.20,60.00,42.12,-1.00000000,-1.00000000,-1.00,EMERGENCY
2025-10-31 21:53:33,device_0,26.20,60.00,42.12,-1.00000000,-1.00000000,-1.00,EMERGENCY
2025-10-31 21:53:38,device_0,26.20,60.00,43.45,-1.00000000,-1.00000000,-1.00,EMERGENCY
2025-10-31 21:53:44,device_0,26.28,60.00,42.90,-1.00000000,-1.00000000,-1.00,EMERGENCY
2025-10-31 21:53:49,device_0,26.58,60.00,42.78,-1.00000000,-1.00000000,-1.00,EMERGENCY
2025-10-31 21:53:53,device_0,26.70,60.00,42.82,-1.00000000,-1.00000000,-1.00,EMERGENCY
2025-10-31 21:53:58,device_0,26.70,60.00,41.71,-1.00000000,-1.00000000,-1.00,OK
2025-10-31 21:54:03,device_0,26.70,60.00,41.97,-1.00000000,-1.00000000,-1.00,OK
2025-10-31 21:54:09,device_0,26.70,60.00,40.67,-1.00000000,-1.00000000,-1.00,OK
2025-10-31 21:54:13,device_0,26.70,60.00,39.91,-1.00000000,-1.00000000,-1.00,OK
2025-10-31 21:54:18,device_0,26.70,60.00,42.27,-1.00000000,-1.00000000,-1.00,OK
2025-10-31 21:54:23,device_0,26.70,60.00,41.06,-1.00000000,-1.00000000,-1.00,OK
2025-10-31 21:54:28,device_0,26.70,60.00,40.77,-1.00000000,-1.00000000,-1.00,OK
2025-10-31 21:54:33,device_0,26.70,60.00,41.74,-1.00000000,-1.00000000,-1.00,OK
2025-10-31 21:54:38,device_0,26.70,60.00,41.66,-1.00000000,-1.00000000,-1.00,OK
2025-10-31 21:54:43,device_0,26.70,60.00,41.03,-1.00000000,-1.00000000,-1.00,OK
2025-10-31 21:54:48,device_0,26.70,60.00,39.18,-1.00000000,-1.00000000,-1.00,OK
2025-10-31 21:54:54,device_0,26.70,60.00,37.27,-1.00000000,-1.00000000,-1.00,OK
2025-10-31 21:54:58,device_0,26.70,60.00,32.02,-1.00000000,-1.00000000,-1.00,OK
2025-10-31 21:55:03,device_0,26.70,60.00,32.89,-1.00000000,-1.00000000,-1.00,OK
2025-10-31 21:55:08,device_0,26.70,60.00,32.35,-1.00000000,-1.00000000,-1.00,OK
2025-10-31 21:55:13,device_0,26.70,60.00,30.44,-1.00000000,-1.00000000,-1.00,OK
2025-10-31 21:55:18,device_0,26.70,60.00,31.98,-1.00000000,-1.00000000,-1.00,OK
2025-10-31 21:55:23,device_0,26.70,60.00,32.31,-1.00000000,-1.00000000,-1.00,OK
2025-10-31 21:55:28,device_0,26.70,60.00,35.49,-1.00000000,-1.00000000,-1.00,OK
2025-10-31 21:55:33,device_0,26.70,60.00,32.98,-1.00000000,-1.00000000,-1.00,OK
2025-10-31 21:55:38,device_0,26.70,60.00,32.99,-1.00000000,-1.00000000,-1.00,OK
2025-10-31 21:55:43,device_0,26.70,60.00,30.30,-1.00000000,-1.00000000,-1.00,OK
2025-10-31 21:55:48,device_0,26.70,60.00,32.22,-1.00000000,-1.00000000,-1.00,OK
2025-10-31 21:55:54,device_0,26.70,60.00,32.34,-1.00000000,-1.00000000,-1.00,OK
2025-10-31 21:55:59,device_0,26.70,60.00,30.52,-1.00000000,-1.00000000,-1.00,OK
2025-10-31 21:56:03,device_0,26.70,60.00,32.96,-1.00000000,-1.00000000,-1.00,OK
2025-10-31 21:56:09,device_0,26.70,60.00,35.06,-1.00000000,-1.00000000,-1.00,OK
2025-10-31 21:56:12,device_0,26.70,60.00,34.03,-1.00000000,-1.00000000,-1.00,EMERGENCY
2025-10-31 21:56:13,device_0,26.70,60.20,36.44,-1.00000000,-1.00000000,-1.00,EMERGENCY
2025-10-31 21:56:18,device_0,26.70,61.00,36.94,-1.00000000,-1.00000000,-1.00,EMERGENCY
2025-10-31 21:56:24,device_0,26.70,61.00,38.23,-1.00000000,-1.00000000,-1.00,EMERGENCY
2025-10-31 21:56:28,device_0,26.70,61.00,35.08,-1.00000000,-1.00000000,-1.00,EMERGENCY
2025-10-31 21:56:33,device_0,26.70,61.00,34.89,-1.00000000,-1.00000000,-1.00,EMERGENCY
2025-10-31 21:56:38,device_0,26.70,61.00,38.19,-1.00000000,-1.00000000,-1.00,EMERGENCY
2025-10-31 21:56:44,device_0,26.70,61.00,38.53,-1.00000000,-1.00000000,-1.00,EMERGENCY
2025-10-31 21:56:48,device_0,26.70,61.00,37.34,-1.00000000,-1.00000000,-1.00,EMERGENCY
2025-10-31 21:56:53,device_0,26.70,61.00,33.12,-1.00000000,-1.00000000,-1.00,EMERGENCY
2025-10-31 21:56:58,device_0,26.70,61.00,34.10,-1.00000000,-1.00000000,-1.00,EMERGENCY
2025-10-31 21:57:04,device_0,26.70,61.00,44.03,-1.00000000,-1.00000000,-1.00,EMERGENCY
2025-10-31 21:57:08,device_0,26.70,61.00,36.36,-1.00000000,-1.00000000,-1.00,EMERGENCY
2025-10-31 21:57:13,device_0,26.70,61.00,34.31,-1.00000000,-1.00000000,-1.00,EMERGENCY
2025-10-31 21:57:18,device_0,26.70,61.00,32.91,-1.00000000,-1.00000000,-1.00,EMERGENCY
2025-10-31 21:57:23,device_0,26.70,61.00,33.34,-1.00000000,-1.00000000,-1.00,EMERGENCY
2025-10-31 21:57:28,device_0,26.70,61.00,58.50,-1.00000000,-1.00000000,-1.00,EMERGENCY
2025-10-31 21:57:33,device_0,26.70,62.00,40.58,-1.00000000,-1.00000000,-1.00,EMERGENCY
2025-10-31 21:57:38,device_0,26.70,62.00,34.95,-1.00000000,-1.00000000,-1.00,EMERGENCY
2025-10-31 21:57:43,device_0,26.78,62.00,50.43,-1.00000000,-1.00000000,-1.00,EMERGENCY
2025-10-31 21:57:49,device_0,27.10,62.00,36.37,-1.00000000,-1.00000000,-1.00,EMERGENCY
2025-10-31 21:57:54,device_0,27.10,62.00,36.85,-1.00000000,-1.00000000,-1.00,EMERGENCY
2025-10-31 21:57:58,device_0,27.10,62.00,38.05,-1.00000000,-1.00000000,-1.00,EMERGENCY
2025-10-31 21:58:03,device_0,27.10,62.00,36.94,-1.00000000,-1.00000000,-1.00,EMERGENCY
2025-10-31 21:58:08,device_0,27.10,62.00,37.81,-1.00000000,-1.00000000,-1.00,EMERGENCY
2025-10-31 21:58:13,device_0,27.10,62.00,36.72,-1.00000000,-1.00000000,-1.00,EMERGENCY
2025-10-31 21:58:18,device_0,27.10,62.00,35.17,-1.00000000,-1.00000000,-1.00,EMERGENCY
2025-10-31 21:58:23,device_0,27.10,62.00,34.76,-1.00000000,-1.00000000,-1.00,EMERGENCY
2025-10-31 21:58:28,device_0,27.10,62.00,30.40,-1.00000000,-1.00000000,-1.00,EMERGENCY
2025-10-31 21:58:34,device_0,27.10,62.00,34.61,-1.00000000,-1.00000000,-1.00,EMERGENCY
2025-10-31 21:58:38,device_0,27.10,62.00,38.13,-1.00000000,-1.00000000,-1.00,EMERGENCY
2025-10-31 21:58:44,device_0,27.10,62.00,35.91,-1.00000000,-1.00000000,-1.00,EMERGENCY
2025-10-31 21:58:48,device_0,27.10,62.00,33.32,-1.00000000,-1.00000000,-1.00,EMERGENCY
2025-10-31 21:58:54,device_0,27.10,62.00,32.26,-1.00000000,-1.00000000,-1.00,EMERGENCY
2025-10-31 21:58:58,device_0,27.10,62.00,33.87,-1.00000000,-1.00000000,-1.00,EMERGENCY
2025-10-31 21:59:03,device_0,27.10,62.00,35.50,-1.00000000,-1.00000000,-1.00,EMERGENCY
2025-10-31 21:59:08,device_0,27.10,62.00,31.35,-1.00000000,-1.00000000,-1.00,OK
2025-10-31 21:59:13,device_0,27.10,62.00,34.52,-1.00000000,-1.00000000,-1.00,OK
2025-10-31 21:59:18,device_0,27.10,62.00,39.11,-1.00000000,-1.00000000,-1.00,OK
2025-10-31 21:59:23,device_0,27.10,62.00,42.95,-1.00000000,-1.00000000,-1.00,OK
2025-10-31 21:59:28,device_0,27.10,62.20,57.11,-1.00000000,-1.00000000,-1.00,OK
2025-10-31 21:59:33,device_0,27.10,63.00,42.19,-1.00000000,-1.00000000,-1.00,OK
2025-10-31 21:59:38,device_0,27.10,64.00,40.88,-1.00000000,-1.00000000,-1.00,OK
2025-10-31 21:59:43,device_0,27.10,63.60,40.69,-1.00000000,-1.00000000,-1.00,OK
2025-10-31 21:59:48,device_0,27.10,63.00,37.76,-1.00000000,-1.00000000,-1.00,OK
2025-10-31 21:59:53,device_0,27.10,63.00,35.09,-1.00000000,-1.00000000,-1.00,OK
2025-10-31 21:59:58,device_0,27.10,63.00,38.49,-1.00000000,-1.00000000,-1.00,OK
2025-10-31 22:01:27,device_0,27.10,63.00,41.75,-1.00000000,-1.00000000,-1.00,OK
2025-10-31 22:01:32,device_0,27.10,63.00,41.24,-1.00000000,-1.00000000,-1.00,OK
2025-10-31 22:01:37,device_0,27.10,63.00,45.68,-1.00000000,-1.00000000,-1.00,OK
2025-10-31 22:01:42,device_0,27.10,63.00,38.15,-1.00000000,-1.00000000,-1.00,OK
2025-10-31 22:01:47,device_0,27.10,63.00,39.48,-1.00000000,-1.00000000,-1.00,OK
2025-10-31 22:01:52,device_0,27.10,63.00,39.12,-1.00000000,-1.00000000,-1.00,OK
2025-10-31 22:01:57,device_0,27.10,63.00,42.83,-1.00000000,-1.00000000,-1.00,OK
2025-10-31 22:02:02,device_0,27.10,63.00,39.09,-1.00000000,-1.00000000,-1.00,OK
2025-10-31 22:02:07,device_0,27.10,63.00,40.54,-1.00000000,-1.00000000,-1.00,OK
2025-10-31 22:02:12,device_0,27.10,63.00,39.51,-1.00000000,-1.00000000,-1.00,OK
2025-10-31 22:02:17,device_0,27.10,63.00,40.44,-1.00000000,-1.00000000,-1.00,OK
2025-10-31 22:02:22,device_0,27.10,63.80,31.59,-1.00000000,-1.00000000,-1.00,OK
2025-10-31 22:02:27,device_0,27.10,64.00,36.66,-1.00000000,-1.00000000,-1.00,OK
2025-10-31 22:02:32,device_0,27.10,64.00,33.19,-1.00000000,-1.00000000,-1.00,OK
2025-10-31 22:02:37,device_0,27.10,64.00,30.37,-1.00000000,-1.00000000,-1.00,OK
2025-10-31 22:02:42,device_0,27.10,64.00,35.03,-1.00000000,-1.00000000,-1.00,OK
2025-10-31 22:02:47,device_0,27.10,64.00,32.91,-1.00000000,-1.00000000,-1.00,OK
2025-10-31 22:02:52,device_0,27.10,64.00,32.04,-1.00000000,-1.00000000,-1.00,OK
2025-10-31 22:02:57,device_0,27.10,64.00,27.80,-1.00000000,-1.00000000,-1.00,OK
2025-10-31 22:03:02,device_0,27.10,64.00,28.66,-1.00000000,-1.00000000,-1.00,OK
2025-10-31 22:03:07,device_0,27.10,64.00,38.81,-1.00000000,-1.00000000,-1.00,OK
2025-10-31 22:03:12,device_0,27.10,64.00,35.28,-1.00000000,-1.00000000,-1.00,OK
2025-10-31 22:03:17,device_0,27.10,64.00,37.45,-1.00000000,-1.00000000,-1.00,OK
2025-10-31 22:03:22,device_0,27.10,64.00,40.22,-1.00000000,-1.00000000,-1.00,OK
2025-10-31 22:03:27,device_0,27.10,64.00,34.71,-1.00000000,-1.00000000,-1.00,OK
2025-10-31 22:03:32,device_0,27.10,64.00,33.30,-1.00000000,-1.00000000,-1.00,OK
2025-10-31 22:03:37,device_0,27.10,64.00,30.60,-1.00000000,-1.00000000,-1.00,OK
2025-10-31 22:03:42,device_0,27.10,64.00,34.41,-1.00000000,-1.00000000,-1.00,OK
2025-10-31 22:03:47,device_0,27.10,64.00,30.49,-1.00000000,-1.00000000,-1.00,OK
2025-10-31 22:03:52,device_0,27.10,64.00,35.94,-1.00000000,-1.00000000,-1.00,OK
2025-10-31 22:03:57,device_0,27.10,64.00,32.68,-1.00000000,-1.00000000,-1.00,OK
2025-10-31 22:04:02,device_0,27.10,64.00,30.39,-1.00000000,-1.00000000,-1.00,OK
2025-10-31 22:04:07,device_0,27.10,64.00,29.96,-1.00000000,-1.00000000,-1.00,OK
2025-10-31 22:04:12,device_0,27.10,64.00,34.45,-1.00000000,-1.00000000,-1.00,OK
2025-10-31 22:04:17,device_0,27.10,64.00,34.21,-1.00000000,-1.00000000,-1.00,OK
2025-10-31 22:04:22,device_0,27.10,64.00,29.55,-1.00000000,-1.00000000,-1.00,OK
2025-10-31 22:04:27,device_0,27.10,64.00,27.03,-1.00000000,-1.00000000,-1.00,OK
2025-10-31 22:04:32,device_0,27.10,64.00,30.67,-1.00000000,-1.00000000,-1.00,OK
2025-10-31 22:04:37,device_0,27.10,64.00,33.98,-1.00000000,-1.00000000,-1.00,OK
2025-10-31 22:04:42,device_0,27.10,64.00,30.52,-1.00000000,-1.00000000,-1.00,OK
2025-10-31 22:04:47,device_0,27.10,64.00,27.18,-1.00000000,-1.00000000,-1.00,OK
2025-10-31 22:04:52,device_0,27.10,64.00,30.46,-1.00000000,-1.00000000,-1.00,OK
2025-10-31 22:04:57,device_0,27.10,64.00,28.76,-1.00000000,-1.00000000,-1.00,OK
2025-10-31 22:05:02,device_0,27.10,64.00,27.47,-1.00000000,-1.00000000,-1.00,OK
2025-10-31 22:05:07,device_0,27.10,64.00,34.02,-1.00000000,-1.00000000,-1.00,OK
2025-10-31 22:05:12,device_0,27.10,64.00,30.89,-1.00000000,-1.00000000,-1.00,OK
2025-10-31 22:05:17,device_0,27.10,64.00,26.81,-1.00000000,-1.00000000,-1.00,OK
2025-10-31 22:05:22,device_0,27.10,64.00,30.75,-1.00000000,-1.00000000,-1.00,OK
2025-10-31 22:05:27,device_0,27.10,64.00,31.21,-1.00000000,-1.00000000,-1.00,OK
2025-10-31 22:05:32,device_0,27.10,64.00,28.36,-1.00000000,-1.00000000,-1.00,OK
2025-10-31 22:05:37,device_0,27.10,64.00,31.18,-1.00000000,-1.00000000,-1.00,OK
2025-10-31 22:05:42,device_0,27.10,64.00,29.32,-1.00000000,-1.00000000,-1.00,OK
2025-10-31 22:05:47,device_0,27.10,64.00,28.46,-1.00000000,-1.00000000,-1.00,OK
2025-10-31 22:05:52,device_0,27.10,64.00,31.77,-1.00000000,-1.00000000,-1.00,OK
2025-10-31 22:05:57,device_0,27.10,64.00,35.23,-1.00000000,-1.00000000,-1.00,OK
2025-10-31 22:06:02,device_0,27.10,64.00,27.82,-1.00000000,-1.00000000,-1.00,OK
2025-10-31 22:06:07,device_0,27.10,63.40,27.21,-1.00000000,-1.00000000,-1.00,OK
2025-10-31 22:06:12,device_0,27.10,63.00,28.75,-1.00000000,-1.00000000,-1.00,OK
2025-10-31 22:06:17,device_0,27.10,63.00,34.81,-1.00000000,-1.00000000,-1.00,OK
2025-10-31 22:06:22,device_0,27.10,63.00,31.19,-1.00000000,-1.00000000,-1.00,OK
2025-10-31 22:06:27,device_0,27.10,63.00,28.05,-1.00000000,-1.00000000,-1.00,OK
2025-10-31 22:06:32,device_0,27.10,63.00,28.10,-1.00000000,-1.00000000,-1.00,OK
2025-10-31 22:06:37,device_0,27.10,63.00,34.18,-1.00000000,-1.00000000,-1.00,OK
2025-10-31 22:06:42,device_0,27.10,63.00,28.66,-1.00000000,-1.00000000,-1.00,OK
2025-10-31 22:06:47,device_0,27.10,62.40,28.38,-1.00000000,-1.00000000,-1.00,OK
2025-10-31 22:06:52,device_0,27.10,62.00,32.66,-1.00000000,-1.00000000,-1.00,OK
2025-10-31 22:06:57,device_0,27.10,62.00,27.71,-1.00000000,-1.00000000,-1.00,OK
2025-10-31 22:07:02,device_0,27.10,62.00,29.03,-1.00000000,-1.00000000,-1.00,OK
2025-10-31 22:07:07,device_0,26.86,62.00,31.45,-1.00000000,-1.00000000,-1.00,OK
2025-10-31 22:07:12,device_0,26.70,62.00,28.29,-1.00000000,-1.00000000,-1.00,OK
2025-10-31 22:07:17,device_0,26.70,62.00,27.67,-1.00000000,-1.00000000,-1.00,OK
2025-10-31 22:07:22,device_0,26.70,62.00,34.78,-1.00000000,-1.00000000,-1.00,OK
2025-10-31 22:07:27,device_0,26.70,61.80,27.18,-1.00000000,-1.00000000,-1.00,OK
2025-10-31 22:07:32,device_0,26.70,61.00,31.50,-1.00000000,-1.00000000,-1.00,OK
2025-10-31 22:07:37,device_0,26.70,61.00,31.28,-1.00000000,-1.00000000,-1.00,OK
2025-10-31 22:07:42,device_0,26.70,61.00,27.72,-1.00000000,-1.00000000,-1.00,OK
2025-10-31 22:07:47,device_0,26.70,61.00,30.07,-1.00000000,-1.00000000,-1.00,OK
2025-10-31 22:07:52,device_0,26.70,61.00,30.65,-1.00000000,-1.00000000,-1.00,OK
2025-10-31 22:07:57,device_0,26.70,61.00,28.70,-1.00000000,-1.00000000,-1.00,OK
2025-10-31 22:08:02,device_0,26.70,61.00,32.78,-1.00000000,-1.00000000,-1.00,OK
2025-10-31 22:08:07,device_0,26.60,61.00,31.30,-1.00000000,-1.00000000,-1.00,OK
2025-10-31 22:08:12,device_0,26.20,61.00,28.34,-1.00000000,-1.00000000,-1.00,OK
2025-10-31 22:08:17,device_0,26.20,60.00,29.96,-1.00000000,-1.00000000,-1.00,OK
2025-10-31 22:08:22,device_0,26.20,60.00,32.41,-1.00000000,-1.00000000,-1.00,OK
2025-10-31 22:08:27,device_0,26.20,60.00,29.80,-1.00000000,-1.00000000,-1.00,OK
2025-10-31 22:08:32,device_0,26.20,60.00,31.62,-1.00000000,-1.00000000,-1.00,OK
2025-10-31 22:08:37,device_0,26.20,60.00,29.61,-1.00000000,-1.00000000,-1.00,OK
2025-10-31 22:08:42,device_0,26.20,60.00,30.08,-1.00000000,-1.00000000,-1.00,OK
2025-10-31 22:08:47,device_0,26.20,60.00,29.47,-1.00000000,-1.00000000,-1.00,OK
2025-10-31 22:08:52,device_0,26.20,60.00,29.01,-1.00000000,-1.00000000,-1.00,OK
2025-10-31 22:08:57,device_0,26.20,60.00,33.70,-1.00000000,-1.00000000,-1.00,OK
2025-10-31 22:09:02,device_0,26.20,60.00,27.51,-1.00000000,-1.00000000,-1.00,OK
2025-10-31 22:09:07,device_0,26.20,60.00,29.38,-1.00000000,-1.00000000,-1.00,OK
2025-10-31 22:09:12,device_0,26.20,60.00,33.77,-1.00000000,-1.00000000,-1.00,OK
2025-10-31 22:09:17,device_0,26.20,60.00,27.52,-1.00000000,-1.00000000,-1.00,OK
2025-10-31 22:09:22,device_0,26.20,60.00,28.47,-1.00000000,-1.00000000,-1.00,OK
2025-10-31 22:09:27,device_0,25.80,60.00,33.07,-1.00000000,-1.00000000,-1.00,OK
2025-10-31 22:09:32,device_0,25.80,60.00,30.12,-1.00000000,-1.00000000,-1.00,OK
2025-10-31 22:09:37,device_0,25.80,59.40,29.15,-1.00000000,-1.00000000,-1.00,OK
2025-10-31 22:09:42,device_0,25.80,59.00,29.43,-1.00000000,-1.00000000,-1.00,OK
2025-10-31 22:09:47,device_0,25.80,59.00,30.46,-1.00000000,-1.00000000,-1.00,OK
2025-10-31 22:09:52,device_0,25.80,59.00,29.93,-1.00000000,-1.00000000,-1.00,OK
2025-10-31 22:09:57,device_0,25.80,59.00,29.65,-1.00000000,-1.00000000,-1.00,OK
2025-10-31 22:10:02,device_0,25.80,59.00,28.87,-1.00000000,-1.00000000,-1.00,OK
2025-10-31 22:10:07,device_0,25.80,59.00,30.14,-1.00000000,-1.00000000,-1.00,OK
2025-10-31 22:10:12,device_0,25.80,59.00,29.68,-1.00000000,-1.00000000,-1.00,OK
2025-10-31 22:10:17,device_0,25.80,59.00,29.43,-1.00000000,-1.00000000,-1.00,OK
2025-10-31 22:10:22,device_0,25.80,59.00,30.09,-1.00000000,-1.00000000,-1.00,OK
2025-10-31 22:10:27,device_0,25.80,59.00,28.53,-1.00000000,-1.00000000,-1.00,OK
2025-10-31 22:10:32,device_0,25.80,59.00,28.09,-1.00000000,-1.00000000,-1.00,OK
2025-10-31 22:10:37,device_0,25.80,59.00,28.46,-1.00000000,-1.00000000,-1.00,OK
2025-10-31 22:10:42,device_0,25.80,59.00,31.69,-1.00000000,-1.00000000,-1.00,OK
2025-10-31 22:10:47,device_0,25.80,59.00,30.94,-1.00000000,-1.00000000,-1.00,OK
2025-10-31 22:10:52,device_0,25.80,59.00,28.09,-1.00000000,-1.00000000,-1.00,OK
2025-10-31 22:10:57,device_0,25.80,59.00,28.19,-1.00000000,-1.00000000,-1.00,OK
2025-10-31 22:11:02,device_0,25.80,58.20,29.38,-1.00000000,-1.00000000,-1.00,OK
2025-10-31 22:11:07,device_0,25.80,58.00,33.40,-1.00000000,-1.00000000,-1.00,OK
2025-10-31 22:11:12,device_0,25.80,58.00,28.54,-1.00000000,-1.00000000,-1.00,OK
2025-10-31 22:11:17,device_0,25.80,58.00,27.63,-1.00000000,-1.00000000,-1.00,OK
2025-10-31 22:11:22,device_0,25.80,58.00,34.09,-1.00000000,-1.00000000,-1.00,OK
2025-10-31 22:11:27,device_0,25.80,58.00,29.70,-1.00000000,-1.00000000,-1.00,OK
2025-10-31 22:11:32,device_0,25.80,58.00,28.32,-1.00000000,-1.00000000,-1.00,OK
2025-10-31 22:11:37,device_0,25.76,58.00,30.68,-1.00000000,-1.00000000,-1.00,OK
2025-10-31 22:11:42,device_0,25.36,58.00,33.38,-1.00000000,-1.00000000,-1.00,OK
2025-10-31 22:11:47,device_0,25.30,58.00,29.96,-1.00000000,-1.00000000,-1.00,OK
2025-10-31 22:11:52,device_0,25.30,58.00,30.07,-1.00000000,-1.00000000,-1.00,OK
2025-10-31 22:11:57,device_0,25.30,57.40,27.44,-1.00000000,-1.00000000,-1.00,OK
2025-10-31 22:12:02,device_0,25.30,57.00,29.35,-1.00000000,-1.00000000,-1.00,OK
2025-10-31 22:12:07,device_0,25.30,57.00,29.22,-1.00000000,-1.00000000,-1.00,OK
2025-10-31 22:12:12,device_0,25.30,57.00,33.48,-1.00000000,-1.00000000,-1.00,OK
2025-10-31 22:12:17,device_0,25.30,57.00,32.89,-1.00000000,-1.00000000,-1.00,OK
2025-10-31 22:12:22,device_0,25.30,57.00,31.80,-1.00000000,-1.00000000,-1.00,OK
2025-10-31 22:12:27,device_0,25.30,57.00,28.31,-1.00000000,-1.00000000,-1.00,OK
2025-10-31 22:12:32,device_0,25.30,57.00,28.01,-1.00000000,-1.00000000,-1.00,OK
2025-10-31 22:12:37,device_0,25.30,57.00,28.98,-1.00000000,-1.00000000,-1.00,OK
2025-10-31 22:12:42,device_0,25.30,57.00,28.09,-1.00000000,-1.00000000,-1.00,OK
2025-10-31 22:12:47,device_0,25.30,57.00,29.58,-1.00000000,-1.00000000,-1.00,OK
2025-10-31 22:12:52,device_0,25.30,57.00,28.20,-1.00000000,-1.00000000,-1.00,OK
2025-10-31 22:12:57,device_0,25.30,57.00,28.30,-1.00000000,-1.00000000,-1.00,OK
2025-10-31 22:13:02,device_0,25.30,57.00,33.48,-1.00000000,-1.00000000,-1.00,OK
2025-10-31 22:13:08,device_0,25.30,57.00,31.39,-1.00000000,-1.00000000,-1.00,OK
2025-10-31 22:13:12,device_0,25.10,57.00,28.33,-1.00000000,-1.00000000,-1.00,OK
2025-10-31 22:13:17,device_0,24.84,57.00,27.90,-1.00000000,-1.00000000,-1.00,OK
2025-10-31 22:13:22,device_0,24.80,57.00,27.71,-1.00000000,-1.00000000,-1.00,OK
2025-10-31 22:13:27,device_0,24.80,57.00,33.11,-1.00000000,-1.00000000,-1.00,OK
2025-10-31 22:13:32,device_0,24.80,57.00,33.72,-1.00000000,-1.00000000,-1.00,OK
2025-10-31 22:13:37,device_0,24.80,57.00,28.50,-1.00000000,-1.00000000,-1.00,OK
2025-10-31 22:13:42,device_0,24.80,57.00,27.73,-1.00000000,-1.00000000,-1.00,OK
2025-10-31 22:13:47,device_0,24.80,56.40,28.58,-1.00000000,-1.00000000,-1.00,OK
2025-10-31 22:13:52,device_0,24.80,56.00,31.87,-1.00000000,-1.00000000,-1.00,OK
2025-10-31 22:13:57,device_0,24.80,56.00,33.78,-1.00000000,-1.00000000,-1.00,OK
2025-10-31 22:14:02,device_0,24.80,56.00,28.83,-1.00000000,-1.00000000,-1.00,OK
2025-10-31 22:14:07,device_0,24.80,56.00,28.65,-1.00000000,-1.00000000,-1.00,OK
2025-10-31 22:14:12,device_0,24.80,56.00,29.00,-1.00000000,-1.00000000,-1.00,OK
2025-10-31 22:14:17,device_0,24.80,56.00,28.82,-1.00000000,-1.00000000,-1.00,OK
2025-10-31 22:14:22,device_0,24.80,56.40,29.39,-1.00000000,-1.00000000,-1.00,OK
2025-10-31 22:14:27,device_0,24.80,57.00,29.77,-1.00000000,-1.00000000,-1.00,OK
2025-10-31 22:14:32,device_0,24.80,57.00,28.99,-1.00000000,-1.00000000,-1.00,OK
2025-10-31 22:14:37,device_0,24.80,57.00,30.54,-1.00000000,-1.00000000,-1.00,OK
2025-10-31 22:14:42,device_0,24.80,57.80,33.40,-1.00000000,-1.00000000,-1.00,OK
2025-10-31 22:14:47,device_0,24.80,58.00,29.74,-1.00000000,-1.00000000,-1.00,OK
2025-10-31 22:14:52,device_0,24.80,57.60,28.29,-1.00000000,-1.00000000,-1.00,OK
2025-10-31 22:14:57,device_0,24.80,57.00,28.36,-1.00000000,-1.00000000,-1.00,OK
2025-10-31 22:15:02,device_0,24.80,57.00,28.66,-1.00000000,-1.00000000,-1.00,OK
2025-10-31 22:15:07,device_0,24.80,57.00,33.85,-1.00000000,-1.00000000,-1.00,OK
2025-10-31 22:15:12,device_0,24.80,57.00,32.59,-1.00000000,-1.00000000,-1.00,OK
2025-10-31 22:15:17,device_0,24.80,57.00,28.88,-1.00000000,-1.00000000,-1.00,OK
2025-10-31 22:15:22,device_0,24.80,57.00,28.68,-1.00000000,-1.00000000,-1.00,OK
2025-10-31 22:15:27,device_0,24.80,57.00,28.33,-1.00000000,-1.00000000,-1.00,OK
2025-10-31 22:15:32,device_0,24.80,56.60,31.99,-1.00000000,-1.00000000,-1.00,OK
2025-10-31 22:15:37,device_0,24.80,56.00,34.30,-1.00000000,-1.00000000,-1.00,OK
2025-10-31 22:15:42,device_0,24.80,56.00,28.18,-1.00000000,-1.00000000,-1.00,OK
2025-10-31 22:15:47,device_0,24.80,56.00,28.12,-1.00000000,-1.00000000,-1.00,OK
2025-10-31 22:15:52,device_0,24.80,56.00,28.33,-1.00000000,-1.00000000,-1.00,OK
2025-10-31 22:15:57,device_0,24.80,56.00,30.91,-1.00000000,-1.00000000,-1.00,OK
2025-10-31 22:16:02,device_0,24.80,56.00,35.00,-1.00000000,-1.00000000,-1.00,OK
2025-10-31 22:16:07,device_0,24.80,56.00,28.98,-1.00000000,-1.00000000,-1.00,OK
2025-10-31 22:16:12,device_0,24.84,55.20,28.55,-1.00000000,-1.00000000,-1.00,OK
2025-10-31 22:16:18,device_0,25.10,55.00,29.88,-1.00000000,-1.00000000,-1.00,OK
2025-10-31 22:16:22,device_0,25.30,55.00,31.30,-1.00000000,-1.00000000,-1.00,OK
2025-10-31 22:16:27,device_0,25.30,55.00,29.37,-1.00000000,-1.00000000,-1.00,OK
2025-10-31 22:16:34,device_0,25.30,55.00,28.29,-1.00000000,-1.00000000,-1.00,OK
2025-10-31 22:16:37,device_0,25.30,55.00,28.33,-1.00000000,-1.00000000,-1.00,OK
2025-10-31 22:16:42,device_0,25.30,55.00,32.67,-1.00000000,-1.00000000,-1.00,OK
2025-10-31 22:16:47,device_0,25.30,55.00,29.87,-1.00000000,-1.00000000,-1.00,OK
2025-10-31 22:16:52,device_0,25.30,55.00,28.92,-1.00000000,-1.00000000,-1.00,OK
2025-10-31 22:16:57,device_0,25.30,55.00,29.47,-1.00000000,-1.00000000,-1.00,OK
2025-10-31 22:17:02,device_0,25.30,55.00,29.72,-1.00000000,-1.00000000,-1.00,OK
2025-10-31 22:17:07,device_0,25.30,55.00,28.96,-1.00000000,-1.00000000,-1.00,OK
2025-10-31 22:17:12,device_0,25.30,55.00,30.46,-1.00000000,-1.00000000,-1.00,OK
2025-10-31 22:17:17,device_0,25.30,55.00,29.64,-1.00000000,-1.00000000,-1.00,OK
2025-10-31 22:17:22,device_0,25.30,55.00,30.43,-1.00000000,-1.00000000,-1.00,OK
2025-10-31 22:17:27,device_0,25.30,55.00,29.37,-1.00000000,-1.00000000,-1.00,OK
2025-10-31 22:17:32,device_0,25.30,55.00,28.83,-1.00000000,-1.00000000,-1.00,OK
2025-10-31 22:17:37,device_0,25.30,55.00,30.33,-1.00000000,-1.00000000,-1.00,OK
2025-10-31 22:17:42,device_0,25.30,55.00,31.21,-1.00000000,-1.00000000,-1.00,OK
2025-10-31 22:17:47,device_0,25.30,55.20,29.06,-1.00000000,-1.00000000,-1.00,OK
2025-10-31 22:17:52,device_0,25.30,55.20,32.34,-1.00000000,-1.00000000,-1.00,OK
2025-10-31 22:17:57,device_0,25.30,55.00,30.01,-1.00000000,-1.00000000,-1.00,OK
2025-10-31 22:18:02,device_0,25.30,55.00,29.56,-1.00000000,-1.00000000,-1.00,OK
2025-10-31 22:18:07,device_0,25.30,55.00,29.42,-1.00000000,-1.00000000,-1.00,OK
2025-10-31 22:18:12,device_0,25.30,55.00,29.96,-1.00000000,-1.00000000,-1.00,OK
2025-10-31 22:18:17,device_0,25.30,55.00,29.77,-1.00000000,-1.00000000,-1.00,OK
2025-10-31 22:18:22,device_0,25.30,55.00,28.61,-1.00000000,-1.00000000,-1.00,OK
2025-10-31 22:18:27,device_0,25.30,55.00,30.11,-1.00000000,-1.00000000,-1.00,OK
2025-10-31 22:18:32,device_0,25.30,55.80,29.60,-1.00000000,-1.00000000,-1.00,OK
2025-10-31 22:18:37,device_0,25.30,56.00,29.69,-1.00000000,-1.00000000,-1.00,OK
2025-10-31 22:18:42,device_0,25.30,56.00,28.46,-1.00000000,-1.00000000,-1.00,OK
2025-10-31 22:18:47,device_0,25.30,56.00,30.02,-1.00000000,-1.00000000,-1.00,OK
2025-10-31 22:18:52,device_0,25.30,56.00,29.18,-1.00000000,-1.00000000,-1.00,OK
2025-10-31 22:18:57,device_0,25.30,56.00,29.57,-1.00000000,-1.00000000,-1.00,OK
2025-10-31 22:19:02,device_0,25.30,56.00,32.04,-1.00000000,-1.00000000,-1.00,OK
2025-10-31 22:19:07,device_0,25.30,56.00,30.51,-1.00000000,-1.00000000,-1.00,OK
2025-10-31 22:19:12,device_0,25.30,56.00,29.10,-1.00000000,-1.00000000,-1.00,OK
2025-10-31 22:19:17,device_0,25.30,56.00,28.93,-1.00000000,-1.00000000,-1.00,OK
2025-10-31 22:19:22,device_0,25.54,56.00,28.43,-1.00000000,-1.00000000,-1.00,OK
2025-10-31 22:19:27,device_0,25.80,56.00,29.11,-1.00000000,-1.00000000,-1.00,OK
2025-10-31 22:19:32,device_0,25.80,56.00,34.73,-1.00000000,-1.00000000,-1.00,OK
2025-10-31 22:19:37,device_0,25.80,56.00,31.69,-1.00000000,-1.00000000,-1.00,OK
2025-10-31 22:19:42,device_0,25.80,56.00,28.88,-1.00000000,-1.00000000,-1.00,OK
2025-10-31 22:19:47,device_0,25.80,56.00,29.41,-1.00000000,-1.00000000,-1.00,OK
2025-10-31 22:19:52,device_0,25.80,56.00,28.60,-1.00000000,-1.00000000,-1.00,OK
2025-10-31 22:19:57,device_0,25.80,56.00,29.98,-1.00000000,-1.00000000,-1.00,OK
2025-10-31 22:20:02,device_0,25.80,56.00,29.97,-1.00000000,-1.00000000,-1.00,OK
2025-10-31 22:20:07,device_0,25.80,56.00,30.11,-1.00000000,-1.00000000,-1.00,OK
2025-10-31 22:20:12,device_0,25.80,56.80,29.93,-1.00000000,-1.00000000,-1.00,OK
2025-10-31 22:20:17,device_0,25.80,57.00,28.74,-1.00000000,-1.00000000,-1.00,OK
2025-10-31 22:20:22,device_0,25.80,57.00,29.51,-1.00000000,-1.00000000,-1.00,OK
2025-10-31 22:20:27,device_0,25.80,57.00,29.28,-1.00000000,-1.00000000,-1.00,OK
2025-10-31 22:20:32,device_0,25.80,57.00,28.41,-1.00000000,-1.00000000,-1.00,OK
2025-10-31 22:20:37,device_0,25.80,57.00,29.55,-1.00000000,-1.00000000,-1.00,OK
2025-10-31 22:20:42,device_0,25.80,57.00,29.55,-1.00000000,-1.00000000,-1.00,OK
2025-10-31 22:20:47,device_0,25.80,57.00,29.56,-1.00000000,-1.00000000,-1.00,OK
2025-10-31 22:20:52,device_0,25.80,57.00,29.88,-1.00000000,-1.00000000,-1.00,OK
2025-10-31 22:20:57,device_0,25.80,57.00,29.87,-1.00000000,-1.00000000,-1.00,OK
2025-10-31 22:21:02,device_0,25.80,57.00,29.84,-1.00000000,-1.00000000,-1.00,OK
2025-10-31 22:21:07,device_0,25.80,57.00,30.70,-1.00000000,-1.00000000,-1.00,OK
2025-10-31 22:21:12,device_0,25.80,57.00,35.27,-1.00000000,-1.00000000,-1.00,OK
2025-10-31 22:21:17,device_0,25.80,57.00,28.87,-1.00000000,-1.00000000,-1.00,OK
2025-10-31 22:21:22,device_0,25.80,57.00,29.18,-1.00000000,-1.00000000,-1.00,OK
2025-10-31 22:21:27,device_0,25.84,57.00,28.59,-1.00000000,-1.00000000,-1.00,OK
2025-10-31 22:21:32,device_0,26.16,57.00,29.61,-1.00000000,-1.00000000,-1.00,OK
2025-10-31 22:21:37,device_0,26.20,57.00,34.22,-1.00000000,-1.00000000,-1.00,OK
2025-10-31 22:21:42,device_0,26.20,57.00,28.81,-1.00000000,-1.00000000,-1.00,OK
2025-10-31 22:21:47,device_0,26.20,57.00,29.02,-1.00000000,-1.00000000,-1.00,OK
2025-10-31 22:21:52,device_0,26.20,57.00,29.69,-1.00000000,-1.00000000,-1.00,OK
2025-10-31 22:21:57,device_0,26.20,57.00,28.16,-1.00000000,-1.00000000,-1.00,OK
2025-10-31 22:22:02,device_0,26.20,57.00,29.72,-1.00000000,-1.00000000,-1.00,OK
2025-10-31 22:22:07,device_0,26.20,57.00,29.91,-1.00000000,-1.00000000,-1.00,OK
2025-10-31 22:22:12,device_0,26.20,57.00,29.67,-1.00000000,-1.00000000,-1.00,OK
2025-10-31 22:22:17,device_0,26.20,57.00,29.08,-1.00000000,-1.00000000,-1.00,OK
2025-10-31 22:22:22,device_0,26.20,57.00,29.50,-1.00000000,-1.00000000,-1.00,OK
2025-10-31 22:22:27,device_0,26.20,57.60,29.13,-1.00000000,-1.00000000,-1.00,OK
2025-10-31 22:22:32,device_0,26.20,58.00,31.88,-1.00000000,-1.00000000,-1.00,OK
2025-10-31 22:22:37,device_0,26.20,58.00,31.19,-1.00000000,-1.00000000,-1.00,OK
2025-10-31 22:22:42,device_0,26.20,58.00,29.07,-1.00000000,-1.00000000,-1.00,OK
2025-10-31 22:22:47,device_0,26.20,58.00,28.36,-1.00000000,-1.00000000,-1.00,OK
2025-10-31 22:22:52,device_0,26.20,58.00,29.30,-1.00000000,-1.00000000,-1.00,OK
2025-10-31 22:22:57,device_0,26.20,58.00,29.52,-1.00000000,-1.00000000,-1.00,OK
2025-10-31 22:23:02,device_0,26.20,58.00,34.67,-1.00000000,-1.00000000,-1.00,OK
2025-10-31 22:23:07,device_0,26.20,58.00,28.34,-1.00000000,-1.00000000,-1.00,OK
2025-10-31 22:23:12,device_0,26.20,58.00,28.53,-1.00000000,-1.00000000,-1.00,OK
2025-10-31 22:23:17,device_0,26.20,58.00,29.17,-1.00000000,-1.00000000,-1.00,OK
2025-10-31 22:23:22,device_0,26.20,58.00,28.05,-1.00000000,-1.00000000,-1.00,OK
2025-10-31 22:23:27,device_0,26.20,58.00,29.61,-1.00000000,-1.00000000,-1.00,OK
2025-10-31 22:23:32,device_0,26.20,58.00,29.02,-1.00000000,-1.00000000,-1.00,OK
2025-10-31 22:23:37,device_0,26.20,58.00,30.80,-1.00000000,-1.00000000,-1.00,OK
2025-10-31 22:23:42,device_0,26.20,58.00,29.63,-1.00000000,-1.00000000,-1.00,OK
2025-10-31 22:23:47,device_0,26.20,58.00,29.76,-1.00000000,-1.00000000,-1.00,OK
2025-10-31 22:23:52,device_0,26.20,58.00,29.22,-1.00000000,-1.00000000,-1.00,OK
2025-10-31 22:23:57,device_0,26.20,58.00,29.74,-1.00000000,-1.00000000,-1.00,OK
2025-10-31 22:24:02,device_0,26.20,58.00,30.22,-1.00000000,-1.00000000,-1.00,OK
2025-10-31 22:24:07,device_0,26.20,58.00,30.24,-1.00000000,-1.00000000,-1.00,OK
2025-10-31 22:24:12,device_0,26.20,58.00,29.62,-1.00000000,-1.00000000,-1.00,OK
2025-10-31 22:24:17,device_0,26.20,58.00,31.37,-1.00000000,-1.00000000,-1.00,OK
2025-10-31 22:24:22,device_0,26.20,58.00,29.57,-1.00000000,-1.00000000,-1.00,OK
2025-10-31 22:24:27,device_0,26.20,58.00,35.06,-1.00000000,-1.00000000,-1.00,OK
2025-10-31 22:24:32,device_0,26.28,58.00,28.88,-1.00000000,-1.00000000,-1.00,OK
2025-10-31 22:24:37,device_0,26.62,58.00,29.14,-1.00000000,-1.00000000,-1.00,OK
2025-10-31 22:24:42,device_0,26.70,58.00,29.57,-1.00000000,-1.00000000,-1.00,OK
2025-10-31 22:24:47,device_0,26.70,58.00,29.69,-1.00000000,-1.00000000,-1.00,OK
2025-10-31 22:24:52,device_0,26.70,58.00,29.51,-1.00000000,-1.00000000,-1.00,OK
2025-10-31 22:24:57,device_0,26.70,58.00,28.92,-1.00000000,-1.00000000,-1.00,OK
2025-10-31 22:25:02,device_0,26.70,58.40,29.28,-1.00000000,-1.00000000,-1.00,OK
2025-10-31 22:25:07,device_0,26.70,59.00,30.24,-1.00000000,-1.00000000,-1.00,OK
2025-10-31 22:25:12,device_0,26.70,59.00,28.91,-1.00000000,-1.00000000,-1.00,OK
2025-10-31 22:25:17,device_0,26.70,59.00,30.04,-1.00000000,-1.00000000,-1.00,OK
2025-10-31 22:25:22,device_0,26.70,59.00,29.22,-1.00000000,-1.00000000,-1.00,OK
2025-10-31 22:25:27,device_0,26.70,59.00,29.36,-1.00000000,-1.00000000,-1.00,OK
2025-10-31 22:25:32,device_0,26.70,59.00,30.90,-1.00000000,-1.00000000,-1.00,OK
2025-10-31 22:25:37,device_0,26.70,59.00,28.98,-1.00000000,-1.00000000,-1.00,OK
2025-10-31 22:25:42,device_0,26.70,59.00,29.93,-1.00000000,-1.00000000,-1.00,OK
2025-10-31 22:25:47,device_0,26.70,59.00,29.83,-1.00000000,-1.00000000,-1.00,OK
2025-10-31 22:25:52,device_0,26.70,59.00,29.92,-1.00000000,-1.00000000,-1.00,OK
2025-10-31 22:25:57,device_0,26.70,59.00,30.33,-1.00000000,-1.00000000,-1.00,OK
2025-10-31 22:26:04,device_0,26.70,59.00,29.18,-1.00000000,-1.00000000,-1.00,OK
2025-10-31 22:26:07,device_0,26.70,59.00,30.47,-1.00000000,-1.00000000,-1.00,OK
2025-10-31 22:26:12,device_0,26.70,59.00,30.87,-1.00000000,-1.00000000,-1.00,OK
2025-10-31 22:26:18,device_0,26.70,59.00,29.43,-1.00000000,-1.00000000,-1.00,OK
2025-10-31 22:26:22,device_0,26.70,59.00,30.00,-1.00000000,-1.00000000,-1.00,OK
2025-10-31 22:26:27,device_0,26.70,59.00,29.20,-1.00000000,-1.00000000,-1.00,OK
2025-10-31 22:26:32,device_0,26.70,59.00,29.50,-1.00000000,-1.00000000,-1.00,OK
2025-10-31 22:26:37,device_0,26.70,59.00,29.04,-1.00000000,-1.00000000,-1.00,OK
2025-10-31 22:26:42,device_0,26.70,59.40,30.34,-1.00000000,-1.00000000,-1.00,OK
2025-10-31 22:26:47,device_0,26.70,60.00,29.22,-1.00000000,-1.00000000,-1.00,OK
2025-10-31 22:26:52,device_0,26.70,60.00,30.43,-1.00000000,-1.00000000,-1.00,OK
2025-10-31 22:26:57,device_0,26.70,60.00,28.82,-1.00000000,-1.00000000,-1.00,OK
2025-10-31 22:27:02,device_0,26.70,60.00,28.87,-1.00000000,-1.00000000,-1.00,OK
2025-10-31 22:27:07,device_0,26.70,61.00,28.83,-1.00000000,-1.00000000,-1.00,OK
2025-10-31 22:27:12,device_0,26.70,61.00,33.42,-1.00000000,-1.00000000,-1.00,OK
2025-10-31 22:27:17,device_0,26.70,61.00,29.93,-1.00000000,-1.00000000,-1.00,OK
2025-10-31 22:27:22,device_0,26.70,61.00,27.84,-1.00000000,-1.00000000,-1.00,OK
2025-10-31 22:27:27,device_0,26.70,60.40,29.03,-1.00000000,-1.00000000,-1.00,OK
2025-10-31 22:27:32,device_0,26.70,60.00,33.30,-1.00000000,-1.00000000,-1.00,OK
2025-10-31 22:27:37,device_0,26.70,60.00,28.73,-1.00000000,-1.00000000,-1.00,OK
2025-10-31 22:27:42,device_0,26.70,60.00,29.00,-1.00000000,-1.00000000,-1.00,OK
2025-10-31 22:27:47,device_0,26.70,60.00,28.12,-1.00000000,-1.00000000,-1.00,OK
2025-10-31 22:27:52,device_0,26.70,60.00,30.52,-1.00000000,-1.00000000,-1.00,OK
2025-10-31 22:27:57,device_0,26.70,60.00,33.44,-1.00000000,-1.00000000,-1.00,OK
2025-10-31 22:28:02,device_0,26.70,60.00,28.34,-1.00000000,-1.00000000,-1.00,OK
2025-10-31 22:28:07,device_0,26.70,60.00,28.37,-1.00000000,-1.00000000,-1.00,OK
2025-10-31 22:28:12,device_0,26.70,60.00,27.92,-1.00000000,-1.00000000,-1.00,OK
2025-10-31 22:28:17,device_0,26.70,60.00,34.49,-1.00000000,-1.00000000,-1.00,OK
2025-10-31 22:28:22,device_0,26.70,60.00,28.65,-1.00000000,-1.00000000,-1.00,OK
2025-10-31 22:28:27,device_0,26.70,60.00,28.16,-1.00000000,-1.00000000,-1.00,OK
2025-10-31 22:28:32,device_0,26.70,60.00,27.86,-1.00000000,-1.00000000,-1.00,OK
2025-10-31 22:28:37,device_0,26.70,60.00,30.98,-1.00000000,-1.00000000,-1.00,OK
2025-10-31 22:28:42,device_0,26.70,60.00,29.00,-1.00000000,-1.00000000,-1.00,OK
2025-10-31 22:28:47,device_0,26.70,60.00,32.88,-1.00000000,-1.00000000,-1.00,OK
2025-10-31 22:28:52,device_0,26.70,60.00,30.47,-1.00000000,-1.00000000,-1.00,OK
2025-10-31 22:28:57,device_0,26.70,60.00,29.98,-1.00000000,-1.00000000,-1.00,OK
2025-10-31 22:29:02,device_0,26.70,60.00,34.34,-1.00000000,-1.00000000,-1.00,OK
2025-10-31 22:29:07,device_0,26.70,60.00,29.50,-1.00000000,-1.00000000,-1.00,OK
2025-10-31 22:29:12,device_0,26.70,60.00,29.09,-1.00000000,-1.00000000,-1.00,OK
2025-10-31 22:29:17,device_0,26.70,60.00,31.89,-1.00000000,-1.00000000,-1.00,OK
2025-10-31 22:29:22,device_0,26.70,60.00,32.80,-1.00000000,-1.00000000,-1.00,OK
2025-10-31 22:29:27,device_0,26.70,60.00,28.51,-1.00000000,-1.00000000,-1.00,OK
2025-10-31 22:29:32,device_0,26.70,60.00,28.46,-1.00000000,-1.00000000,-1.00,OK
2025-10-31 22:29:37,device_0,26.70,61.00,29.71,-1.00000000,-1.00000000,-1.00,OK
2025-10-31 22:29:42,device_0,26.70,61.00,34.06,-1.00000000,-1.00000000,-1.00,OK
2025-10-31 22:29:47,device_0,26.70,61.00,28.65,-1.00000000,-1.00000000,-1.00,OK
2025-10-31 22:29:52,device_0,26.70,61.00,28.16,-1.00000000,-1.00000000,-1.00,OK
2025-10-31 22:29:57,device_0,26.70,61.00,30.80,-1.00000000,-1.00000000,-1.00,OK
2025-10-31 22:30:02,device_0,26.70,61.00,33.61,-1.00000000,-1.00000000,-1.00,OK
2025-10-31 22:30:07,device_0,26.70,61.00,28.36,-1.00000000,-1.00000000,-1.00,OK
2025-10-31 22:30:12,device_0,26.70,61.00,28.17,-1.00000000,-1.00000000,-1.00,OK
2025-10-31 22:30:17,device_0,26.94,61.00,30.23,-1.00000000,-1.00000000,-1.00,OK
2025-10-31 22:30:22,device_0,27.10,61.00,34.14,-1.00000000,-1.00000000,-1.00,OK
2025-10-31 22:30:27,device_0,27.10,61.00,28.69,-1.00000000,-1.00000000,-1.00,OK
2025-10-31 22:30:32,device_0,27.10,61.00,28.21,-1.00000000,-1.00000000,-1.00,OK
2025-10-31 22:30:37,device_0,27.10,61.00,28.65,-1.00000000,-1.00000000,-1.00,OK
2025-10-31 22:30:42,device_0,27.10,61.00,33.99,-1.00000000,-1.00000000,-1.00,OK
2025-10-31 22:30:47,device_0,27.10,61.00,29.90,-1.00000000,-1.00000000,-1.00,OK
2025-10-31 22:30:52,device_0,27.10,61.00,28.45,-1.00000000,-1.00000000,-1.00,OK
2025-10-31 22:30:57,device_0,27.10,61.00,27.66,-1.00000000,-1.00000000,-1.00,OK
2025-10-31 22:31:02,device_0,27.10,61.00,34.19,-1.00000000,-1.00000000,-1.00,OK
2025-10-31 22:31:07,device_0,27.10,61.00,31.97,-1.00000000,-1.00000000,-1.00,OK
2025-10-31 22:31:12,device_0,27.10,61.40,28.28,-1.00000000,-1.00000000,-1.00,OK
2025-10-31 22:31:17,device_0,27.10,62.00,31.18,-1.00000000,-1.00000000,-1.00,OK
2025-10-31 22:31:22,device_0,27.10,62.00,28.72,-1.00000000,-1.00000000,-1.00,OK
2025-10-31 22:31:27,device_0,27.10,62.00,27.99,-1.00000000,-1.00000000,-1.00,OK
2025-10-31 22:31:32,device_0,27.10,62.00,28.41,-1.00000000,-1.00000000,-1.00,OK
2025-10-31 22:31:37,device_0,27.10,62.00,33.97,-1.00000000,-1.00000000,-1.00,OK
2025-10-31 22:31:42,device_0,27.10,62.00,31.27,-1.00000000,-1.00000000,-1.00,OK
2025-10-31 22:31:47,device_0,27.10,62.00,28.92,-1.00000000,-1.00000000,-1.00,OK
2025-10-31 22:31:52,device_0,27.10,62.00,33.20,-1.00000000,-1.00000000,-1.00,OK
2025-10-31 22:31:57,device_0,27.10,62.00,27.63,-1.00000000,-1.00000000,-1.00,OK
2025-10-31 22:32:02,device_0,27.10,62.00,28.72,-1.00000000,-1.00000000,-1.00,OK
2025-10-31 22:32:07,device_0,27.10,62.00,30.22,-1.00000000,-1.00000000,-1.00,OK
2025-10-31 22:32:12,device_0,27.10,62.00,29.41,-1.00000000,-1.00000000,-1.00,OK
2025-10-31 22:32:17,device_0,27.10,62.00,31.60,-1.00000000,-1.00000000,-1.00,OK
2025-10-31 22:32:22,device_0,27.10,62.00,28.37,-1.00000000,-1.00000000,-1.00,OK
2025-10-31 22:32:27,device_0,27.10,62.00,28.14,-1.00000000,-1.00000000,-1.00,OK
2025-10-31 22:32:32,device_0,27.10,62.00,30.57,-1.00000000,-1.00000000,-1.00,OK
2025-10-31 22:32:37,device_0,27.10,62.00,32.47,-1.00000000,-1.00000000,-1.00,OK
2025-10-31 22:32:42,device_0,27.10,62.00,27.30,-1.00000000,-1.00000000,-1.00,OK
2025-10-31 22:32:47,device_0,27.10,62.00,27.67,-1.00000000,-1.00000000,-1.00,OK
2025-10-31 22:32:52,device_0,27.10,62.00,27.76,-1.00000000,-1.00000000,-1.00,OK
2025-10-31 22:32:57,device_0,27.10,62.00,37.78,-1.00000000,-1.00000000,-1.00,OK
2025-10-31 22:33:02,device_0,27.10,62.00,31.07,-1.00000000,-1.00000000,-1.00,OK
2025-10-31 22:33:07,device_0,27.10,62.00,27.98,-1.00000000,-1.00000000,-1.00,OK
2025-10-31 22:33:12,device_0,27.10,62.00,28.70,-1.00000000,-1.00000000,-1.00,OK
2025-10-31 22:33:17,device_0,27.10,62.00,32.20,-1.00000000,-1.00000000,-1.00,OK
2025-10-31 22:33:22,device_0,27.10,62.00,27.77,-1.00000000,-1.00000000,-1.00,OK
2025-10-31 22:33:27,device_0,27.10,62.00,27.14,-1.00000000,-1.00000000,-1.00,OK
2025-10-31 22:33:32,device_0,27.10,62.00,28.08,-1.00000000,-1.00000000,-1.00,OK
2025-10-31 22:33:37,device_0,27.10,62.00,33.08,-1.00000000,-1.00000000,-1.00,OK
2025-10-31 22:33:42,device_0,27.10,62.00,28.38,-1.00000000,-1.00000000,-1.00,OK
2025-10-31 22:33:47,device_0,27.10,62.00,28.23,-1.00000000,-1.00000000,-1.00,OK
2025-10-31 22:33:52,device_0,27.10,62.00,35.28,-1.00000000,-1.00000000,-1.00,OK
2025-10-31 22:33:57,device_0,27.10,62.60,29.46,-1.00000000,-1.00000000,-1.00,OK
2025-10-31 22:34:02,device_0,27.10,63.00,29.95,-1.00000000,-1.00000000,-1.00,OK
2025-10-31 22:34:07,device_0,27.10,63.00,29.31,-1.00000000,-1.00000000,-1.00,OK
2025-10-31 22:34:12,device_0,27.10,63.00,28.21,-1.00000000,-1.00000000,-1.00,OK
2025-10-31 22:34:17,device_0,27.10,63.00,28.50,-1.00000000,-1.00000000,-1.00,OK
2025-10-31 22:34:22,device_0,27.10,63.00,33.23,-1.00000000,-1.00000000,-1.00,OK
2025-10-31 22:34:27,device_0,27.10,63.00,27.33,-1.00000000,-1.00000000,-1.00,OK
2025-10-31 22:34:32,device_0,27.10,63.00,32.73,-1.00000000,-1.00000000,-1.00,OK
2025-10-31 22:34:37,device_0,27.10,63.00,30.93,-1.00000000,-1.00000000,-1.00,OK
2025-10-31 22:34:42,device_0,27.10,63.00,27.37,-1.00000000,-1.00000000,-1.00,OK
2025-10-31 22:34:47,device_0,27.10,63.00,28.74,-1.00000000,-1.00000000,-1.00,OK
2025-10-31 22:34:52,device_0,27.10,63.00,28.35,-1.00000000,-1.00000000,-1.00,OK
2025-10-31 22:34:57,device_0,27.10,63.00,31.87,-1.00000000,-1.00000000,-1.00,OK
2025-10-31 22:35:02,device_0,27.10,63.00,27.80,-1.00000000,-1.00000000,-1.00,OK
2025-10-31 22:35:07,device_0,27.10,63.00,32.59,-1.00000000,-1.00000000,-1.00,OK
2025-10-31 22:35:12,device_0,27.10,63.00,27.14,-1.00000000,-1.00000000,-1.00,OK
2025-10-31 22:35:17,device_0,27.10,63.00,27.41,-1.00000000,-1.00000000,-1.00,OK
2025-10-31 22:35:22,device_0,27.10,63.00,31.74,-1.00000000,-1.00000000,-1.00,OK
2025-10-31 22:35:27,device_0,27.10,63.00,32.02,-1.00000000,-1.00000000,-1.00,OK
2025-10-31 22:35:32,device_0,27.10,63.00,27.28,-1.00000000,-1.00000000,-1.00,OK
2025-10-31 22:35:37,device_0,27.10,63.00,28.06,-1.00000000,-1.00000000,-1.00,OK
2025-10-31 22:35:42,device_0,27.10,63.00,29.97,-1.00000000,-1.00000000,-1.00,OK
2025-10-31 22:35:47,device_0,27.10,63.00,26.91,-1.00000000,-1.00000000,-1.00,OK
2025-10-31 22:35:52,device_0,27.10,63.00,30.58,-1.00000000,-1.00000000,-1.00,OK
2025-10-31 22:35:57,device_0,27.10,63.00,31.39,-1.00000000,-1.00000000,-1.00,OK
2025-10-31 22:36:02,device_0,27.10,63.00,28.86,-1.00000000,-1.00000000,-1.00,OK
2025-10-31 22:36:07,device_0,27.10,63.00,29.93,-1.00000000,-1.00000000,-1.00,OK
2025-10-31 22:36:12,device_0,27.10,63.00,28.27,-1.00000000,-1.00000000,-1.00,OK
2025-10-31 22:36:17,device_0,27.10,63.00,28.85,-1.00000000,-1.00000000,-1.00,OK
2025-10-31 22:36:22,device_0,27.10,63.00,28.72,-1.00000000,-1.00000000,-1.00,OK
2025-10-31 22:36:27,device_0,27.10,63.00,28.72,-1.00000000,-1.00000000,-1.00,OK
2025-10-31 22:36:32,device_0,27.10,63.00,28.52,-1.00000000,-1.00000000,-1.00,OK
2025-10-31 22:36:37,device_0,27.10,63.20,30.54,-1.00000000,-1.00000000,-1.00,OK
2025-10-31 22:36:42,device_0,27.10,64.00,31.33,-1.00000000,-1.00000000,-1.00,OK
2025-10-31 22:36:47,device_0,27.10,64.00,26.91,-1.00000000,-1.00000000,-1.00,OK
2025-10-31 22:36:52,device_0,27.10,64.00,29.82,-1.00000000,-1.00000000,-1.00,OK
2025-10-31 22:36:57,device_0,27.10,64.00,28.42,-1.00000000,-1.00000000,-1.00,OK
2025-10-31 22:37:02,device_0,27.10,64.00,29.11,-1.00000000,-1.00000000,-1.00,OK
2025-10-31 22:37:07,device_0,27.10,64.00,32.92,-1.00000000,-1.00000000,-1.00,OK
2025-10-31 22:37:12,device_0,27.10,64.00,29.76,-1.00000000,-1.00000000,-1.00,OK
2025-10-31 22:37:17,device_0,27.10,64.00,28.13,-1.00000000,-1.00000000,-1.00,OK
2025-10-31 22:37:22,device_0,27.10,64.00,27.64,-1.00000000,-1.00000000,-1.00,OK
2025-10-31 22:37:27,device_0,27.10,64.00,28.51,-1.00000000,-1.00000000,-1.00,OK
2025-10-31 22:37:32,device_0,27.10,64.00,30.41,-1.00000000,-1.00000000,-1.00,OK
2025-10-31 22:37:37,device_0,27.10,64.00,28.66,-1.00000000,-1.00000000,-1.00,OK
2025-10-31 22:37:42,device_0,27.10,64.00,34.10,-1.00000000,-1.00000000,-1.00,OK
2025-10-31 22:37:47,device_0,27.10,64.00,27.23,-1.00000000,-1.00000000,-1.00,OK
2025-10-31 22:37:52,device_0,27.10,64.00,31.78,-1.00000000,-1.00000000,-1.00,OK
2025-10-31 22:37:57,device_0,27.10,64.00,29.46,-1.00000000,-1.00000000,-1.00,OK
2025-10-31 22:38:02,device_0,27.10,64.00,27.53,-1.00000000,-1.00000000,-1.00,OK
2025-10-31 22:38:07,device_0,27.10,64.00,27.71,-1.00000000,-1.00000000,-1.00,OK
2025-10-31 22:38:12,device_0,27.10,64.00,31.50,-1.00000000,-1.00000000,-1.00,OK
2025-10-31 22:38:17,device_0,27.10,64.00,31.94,-1.00000000,-1.00000000,-1.00,OK
2025-10-31 22:38:22,device_0,27.10,64.00,29.67,-1.00000000,-1.00000000,-1.00,OK
2025-10-31 22:38:27,device_0,27.10,64.00,27.65,-1.00000000,-1.00000000,-1.00,OK
2025-10-31 22:38:32,device_0,27.10,64.00,29.23,-1.00000000,-1.00000000,-1.00,OK
2025-10-31 22:38:37,device_0,27.10,64.00,28.33,-1.00000000,-1.00000000,-1.00,OK
2025-10-31 22:38:42,device_0,27.10,64.00,28.26,-1.00000000,-1.00000000,-1.00,OK
2025-10-31 22:38:47,device_0,27.10,64.00,27.47,-1.00000000,-1.00000000,-1.00,OK
2025-10-31 22:38:52,device_0,27.10,64.00,27.88,-1.00000000,-1.00000000,-1.00,OK
2025-10-31 22:38:57,device_0,27.10,64.00,27.83,-1.00000000,-1.00000000,-1.00,OK
2025-10-31 22:39:02,device_0,27.10,64.00,28.86,-1.00000000,-1.00000000,-1.00,OK
2025-10-31 22:39:07,device_0,27.10,64.00,30.13,-1.00000000,-1.00000000,-1.00,OK
2025-10-31 22:39:12,device_0,27.10,64.00,27.65,-1.00000000,-1.00000000,-1.00,OK
2025-10-31 22:39:17,device_0,27.10,63.40,29.16,-1.00000000,-1.00000000,-1.00,OK
2025-10-31 22:39:22,device_0,27.10,63.00,27.68,-1.00000000,-1.00000000,-1.00,OK
2025-10-31 22:39:27,device_0,27.10,63.00,26.79,-1.00000000,-1.00000000,-1.00,OK
2025-10-31 22:39:32,device_0,27.10,63.00,27.93,-1.00000000,-1.00000000,-1.00,OK
2025-10-31 22:39:37,device_0,27.10,63.00,28.92,-1.00000000,-1.00000000,-1.00,OK
2025-10-31 22:39:42,device_0,27.10,63.00,27.63,-1.00000000,-1.00000000,-1.00,OK
2025-10-31 22:39:47,device_0,27.10,63.00,28.76,-1.00000000,-1.00000000,-1.00,OK
2025-10-31 22:39:52,device_0,27.10,63.00,29.22,-1.00000000,-1.00000000,-1.00,OK
2025-10-31 22:39:57,device_0,27.10,62.00,28.53,-1.00000000,-1.00000000,-1.00,OK
2025-10-31 22:40:02,device_0,27.06,62.00,27.79,-1.00000000,-1.00000000,-1.00,OK
2025-10-31 22:40:07,device_0,26.70,62.00,28.33,-1.00000000,-1.00000000,-1.00,OK
2025-10-31 22:40:12,device_0,26.70,62.00,29.75,-1.00000000,-1.00000000,-1.00,OK
2025-10-31 22:40:17,device_0,26.70,62.00,28.06,-1.00000000,-1.00000000,-1.00,OK
2025-10-31 22:40:22,device_0,26.70,62.00,27.94,-1.00000000,-1.00000000,-1.00,OK
2025-10-31 22:40:27,device_0,26.70,62.00,28.00,-1.00000000,-1.00000000,-1.00,OK
2025-10-31 22:40:32,device_0,26.70,62.00,28.44,-1.00000000,-1.00000000,-1.00,OK
2025-10-31 22:40:37,device_0,26.70,62.00,28.38,-1.00000000,-1.00000000,-1.00,OK
2025-10-31 22:40:42,device_0,26.70,62.00,28.37,-1.00000000,-1.00000000,-1.00,OK
2025-10-31 22:40:47,device_0,26.70,62.00,28.00,-1.00000000,-1.00000000,-1.00,OK
2025-10-31 22:40:52,device_0,26.70,62.00,27.76,-1.00000000,-1.00000000,-1.00,OK
2025-10-31 22:40:57,device_0,26.70,62.00,28.09,-1.00000000,-1.00000000,-1.00,OK
2025-10-31 22:41:02,device_0,26.70,62.00,28.02,-1.00000000,-1.00000000,-1.00,OK
2025-10-31 22:41:07,device_0,26.70,61.00,28.43,-1.00000000,-1.00000000,-1.00,OK
2025-10-31 22:41:12,device_0,26.70,61.00,31.80,-1.00000000,-1.00000000,-1.00,OK
2025-10-31 22:41:17,device_0,26.70,61.00,30.02,-1.00000000,-1.00000000,-1.00,OK
2025-10-31 22:41:22,device_0,26.70,61.00,27.10,-1.00000000,-1.00000000,-1.00,OK
2025-10-31 22:41:27,device_0,26.70,60.80,27.67,-1.00000000,-1.00000000,-1.00,OK
2025-10-31 22:41:32,device_0,26.70,60.00,28.01,-1.00000000,-1.00000000,-1.00,OK
2025-10-31 22:41:37,device_0,26.24,60.00,28.07,-1.00000000,-1.00000000,-1.00,OK
2025-10-31 22:41:42,device_0,26.20,60.00,27.31,-1.00000000,-1.00000000,-1.00,OK
2025-10-31 22:41:47,device_0,26.20,60.00,27.96,-1.00000000,-1.00000000,-1.00,OK
2025-10-31 22:41:52,device_0,26.20,60.00,28.82,-1.00000000,-1.00000000,-1.00,OK
2025-10-31 22:41:57,device_0,26.20,60.00,31.03,-1.00000000,-1.00000000,-1.00,OK
2025-10-31 22:42:02,device_0,26.20,59.60,27.50,-1.00000000,-1.00000000,-1.00,OK
2025-10-31 22:42:07,device_0,26.20,59.00,29.12,-1.00000000,-1.00000000,-1.00,OK
2025-10-31 22:42:12,device_0,26.20,59.00,30.65,-1.00000000,-1.00000000,-1.00,OK
2025-10-31 22:42:17,device_0,26.20,59.00,29.05,-1.00000000,-1.00000000,-1.00,OK
2025-10-31 22:42:22,device_0,26.20,59.00,29.94,-1.00000000,-1.00000000,-1.00,OK
2025-10-31 22:42:27,device_0,26.20,59.00,30.75,-1.00000000,-1.00000000,-1.00,OK
2025-10-31 22:42:32,device_0,26.20,59.00,28.10,-1.00000000,-1.00000000,-1.00,OK
2025-10-31 22:42:37,device_0,26.20,59.00,30.72,-1.00000000,-1.00000000,-1.00,OK
2025-10-31 22:42:42,device_0,26.20,59.00,29.09,-1.00000000,-1.00000000,-1.00,OK
2025-10-31 22:42:47,device_0,26.20,59.00,28.56,-1.00000000,-1.00000000,-1.00,OK
2025-10-31 22:42:52,device_0,26.20,59.00,28.44,-1.00000000,-1.00000000,-1.00,OK
2025-10-31 22:42:57,device_0,26.20,59.00,29.19,-1.00000000,-1.00000000,-1.00,OK
2025-10-31 22:43:02,device_0,26.20,59.00,27.94,-1.00000000,-1.00000000,-1.00,OK
2025-10-31 22:43:07,device_0,26.12,59.00,28.74,-1.00000000,-1.00000000,-1.00,OK
2025-10-31 22:43:12,device_0,25.80,59.00,27.82,-1.00000000,-1.00000000,-1.00,OK
2025-10-31 22:43:17,device_0,25.80,59.00,28.27,-1.00000000,-1.00000000,-1.00,OK
2025-10-31 22:43:22,device_0,25.80,59.00,28.36,-1.00000000,-1.00000000,-1.00,OK
2025-10-31 22:43:27,device_0,25.80,59.00,29.03,-1.00000000,-1.00000000,-1.00,OK
2025-10-31 22:43:32,device_0,25.80,59.00,28.77,-1.00000000,-1.00000000,-1.00,OK
2025-10-31 22:43:37,device_0,25.80,59.00,28.59,-1.00000000,-1.00000000,-1.00,OK
2025-10-31 22:43:42,device_0,25.80,59.00,28.27,-1.00000000,-1.00000000,-1.00,OK
2025-10-31 22:43:47,device_0,25.80,58.80,28.33,-1.00000000,-1.00000000,-1.00,OK
2025-10-31 22:43:52,device_0,25.80,58.00,28.53,-1.00000000,-1.00000000,-1.00,OK
2025-10-31 22:43:57,device_0,25.80,58.00,28.78,-1.00000000,-1.00000000,-1.00,OK
2025-10-31 22:44:02,device_0,25.80,58.00,28.92,-1.00000000,-1.00000000,-1.00,OK
2025-10-31 22:44:07,device_0,25.80,58.00,29.21,-1.00000000,-1.00000000,-1.00,OK
2025-10-31 22:44:12,device_0,25.80,58.00,29.18,-1.00000000,-1.00000000,-1.00,OK
2025-10-31 22:44:17,device_0,25.80,58.00,28.15,-1.00000000,-1.00000000,-1.00,OK
2025-10-31 22:44:22,device_0,25.80,58.00,29.91,-1.00000000,-1.00000000,-1.00,OK
2025-10-31 22:44:27,device_0,25.80,58.00,28.73,-1.00000000,-1.00000000,-1.00,OK
2025-10-31 22:44:32,device_0,25.80,58.00,28.60,-1.00000000,-1.00000000,-1.00,OK
2025-10-31 22:44:37,device_0,25.80,58.00,28.12,-1.00000000,-1.00000000,-1.00,OK
2025-10-31 22:44:42,device_0,25.80,58.00,28.65,-1.00000000,-1.00000000,-1.00,OK
2025-10-31 22:44:47,device_0,25.80,58.00,32.82,-1.00000000,-1.00000000,-1.00,OK
2025-10-31 22:44:52,device_0,25.52,58.00,29.24,-1.00000000,-1.00000000,-1.00,OK
2025-10-31 22:44:57,device_0,25.30,58.00,30.19,-1.00000000,-1.00000000,-1.00,OK
2025-10-31 22:45:02,device_0,25.30,58.00,33.90,-1.00000000,-1.00000000,-1.00,OK
2025-10-31 22:45:07,device_0,25.30,58.00,29.76,-1.00000000,-1.00000000,-1.00,OK
2025-10-31 22:45:12,device_0,25.30,58.00,27.57,-1.00000000,-1.00000000,-1.00,OK
2025-10-31 22:45:17,device_0,25.30,57.40,32.88,-1.00000000,-1.00000000,-1.00,OK
2025-10-31 22:45:22,device_0,25.30,57.00,31.30,-1.00000000,-1.00000000,-1.00,OK
2025-10-31 22:45:27,device_0,25.30,57.00,28.95,-1.00000000,-1.00000000,-1.00,OK
2025-10-31 22:45:32,device_0,25.30,57.00,28.47,-1.00000000,-1.00000000,-1.00,OK
2025-10-31 22:45:37,device_0,25.30,57.00,30.14,-1.00000000,-1.00000000,-1.00,OK
2025-10-31 22:45:42,device_0,25.30,57.00,28.64,-1.00000000,-1.00000000,-1.00,OK
2025-10-31 22:45:47,device_0,25.30,57.00,28.44,-1.00000000,-1.00000000,-1.00,OK
2025-10-31 22:45:52,device_0,25.30,57.00,28.88,-1.00000000,-1.00000000,-1.00,OK
2025-10-31 22:45:57,device_0,25.30,57.00,29.72,-1.00000000,-1.00000000,-1.00,OK
2025-10-31 22:46:02,device_0,25.30,57.00,28.09,-1.00000000,-1.00000000,-1.00,OK
2025-10-31 22:46:07,device_0,25.30,57.00,28.46,-1.00000000,-1.00000000,-1.00,OK
2025-10-31 22:46:12,device_0,25.30,57.00,29.00,-1.00000000,-1.00000000,-1.00,OK
2025-10-31 22:46:17,device_0,25.30,57.00,28.65,-1.00000000,-1.00000000,-1.00,OK
2025-10-31 22:46:22,device_0,25.30,57.00,30.13,-1.00000000,-1.00000000,-1.00,OK
2025-10-31 22:46:27,device_0,25.30,57.00,31.59,-1.00000000,-1.00000000,-1.00,OK
2025-10-31 22:46:32,device_0,25.30,57.00,28.66,-1.00000000,-1.00000000,-1.00,OK
2025-10-31 22:46:37,device_0,25.30,57.00,28.67,-1.00000000,-1.00000000,-1.00,OK
2025-10-31 22:46:42,device_0,25.30,57.00,28.37,-1.00000000,-1.00000000,-1.00,OK
2025-10-31 22:46:47,device_0,25.30,57.00,28.00,-1.00000000,-1.00000000,-1.00,OK
2025-10-31 22:46:52,device_0,25.18,57.00,33.02,-1.00000000,-1.00000000,-1.00,OK
2025-10-31 22:46:57,device_0,24.84,57.00,28.47,-1.00000000,-1.00000000,-1.00,OK
2025-10-31 22:47:02,device_0,24.80,56.20,27.64,-1.00000000,-1.00000000,-1.00,OK
2025-10-31 22:47:07,device_0,24.80,56.00,28.81,-1.00000000,-1.00000000,-1.00,OK
2025-10-31 22:47:12,device_0,24.80,56.00,29.04,-1.00000000,-1.00000000,-1.00,OK
2025-10-31 22:47:17,device_0,24.80,56.00,30.44,-1.00000000,-1.00000000,-1.00,OK
2025-10-31 22:47:22,device_0,24.80,56.00,27.36,-1.00000000,-1.00000000,-1.00,OK
2025-10-31 22:47:27,device_0,24.80,56.00,27.52,-1.00000000,-1.00000000,-1.00,OK
2025-10-31 22:47:32,device_0,24.80,56.00,28.80,-1.00000000,-1.00000000,-1.00,OK
2025-10-31 22:47:37,device_0,24.80,56.00,29.26,-1.00000000,-1.00000000,-1.00,OK
2025-10-31 22:47:42,device_0,24.80,56.00,27.59,-1.00000000,-1.00000000,-1.00,OK
2025-10-31 22:47:47,device_0,24.80,56.00,27.19,-1.00000000,-1.00000000,-1.00,OK
2025-10-31 22:47:52,device_0,24.80,56.00,31.52,-1.00000000,-1.00000000,-1.00,OK
2025-10-31 22:47:57,device_0,24.80,56.00,31.42,-1.00000000,-1.00000000,-1.00,OK
2025-10-31 22:48:02,device_0,24.80,56.00,29.13,-1.00000000,-1.00000000,-1.00,OK
2025-10-31 22:48:07,device_0,24.80,56.00,27.27,-1.00000000,-1.00000000,-1.00,OK
2025-10-31 22:48:12,device_0,24.80,56.00,27.66,-1.00000000,-1.00000000,-1.00,OK
2025-10-31 22:48:17,device_0,24.80,56.00,28.13,-1.00000000,-1.00000000,-1.00,OK
2025-10-31 22:48:22,device_0,24.80,56.00,27.22,-1.00000000,-1.00000000,-1.00,OK
2025-10-31 22:48:27,device_0,24.80,56.00,28.02,-1.00000000,-1.00000000,-1.00,OK
2025-10-31 22:48:32,device_0,24.80,55.20,32.86,-1.00000000,-1.00000000,-1.00,OK
2025-10-31 22:48:37,device_0,24.80,55.00,27.44,-1.00000000,-1.00000000,-1.00,OK
2025-10-31 22:48:42,device_0,24.80,55.00,27.33,-1.00000000,-1.00000000,-1.00,OK
2025-10-31 22:48:47,device_0,24.80,55.00,28.15,-1.00000000,-1.00000000,-1.00,OK
2025-10-31 22:48:52,device_0,24.80,55.00,32.13,-1.00000000,-1.00000000,-1.00,OK
2025-10-31 22:48:57,device_0,24.80,55.00,30.04,-1.00000000,-1.00000000,-1.00,OK
2025-10-31 22:49:02,device_0,24.80,55.00,27.72,-1.00000000,-1.00000000,-1.00,OK
2025-10-31 22:49:07,device_0,24.80,55.00,27.48,-1.00000000,-1.00000000,-1.00,OK
2025-10-31 22:49:12,device_0,24.80,55.00,32.58,-1.00000000,-1.00000000,-1.00,OK
2025-10-31 22:49:17,device_0,24.80,55.00,31.61,-1.00000000,-1.00000000,-1.00,OK
2025-10-31 22:49:22,device_0,24.80,55.00,28.07,-1.00000000,-1.00000000,-1.00,OK
2025-10-31 22:49:27,device_0,24.80,55.00,29.87,-1.00000000,-1.00000000,-1.00,OK
2025-10-31 22:49:32,device_0,24.80,55.00,29.35,-1.00000000,-1.00000000,-1.00,OK
2025-10-31 22:49:37,device_0,24.80,55.00,29.03,-1.00000000,-1.00000000,-1.00,OK
2025-10-31 22:49:42,device_0,24.80,55.00,27.88,-1.00000000,-1.00000000,-1.00,OK
2025-10-31 22:49:47,device_0,24.80,55.00,29.29,-1.00000000,-1.00000000,-1.00,OK
2025-10-31 22:49:52,device_0,24.80,55.00,29.10,-1.00000000,-1.00000000,-1.00,OK
2025-10-31 22:49:57,device_0,24.80,55.00,30.49,-1.00000000,-1.00000000,-1.00,OK
2025-10-31 22:50:02,device_0,24.80,55.00,28.43,-1.00000000,-1.00000000,-1.00,OK
2025-10-31 22:50:07,device_0,24.80,55.00,28.82,-1.00000000,-1.00000000,-1.00,OK
2025-10-31 22:50:12,device_0,24.80,55.00,29.34,-1.00000000,-1.00000000,-1.00,OK
2025-10-31 22:50:17,device_0,24.80,55.00,27.91,-1.00000000,-1.00000000,-1.00,OK
2025-10-31 22:50:22,device_0,24.80,55.00,29.33,-1.00000000,-1.00000000,-1.00,OK
2025-10-31 22:50:27,device_0,24.80,55.00,28.09,-1.00000000,-1.00000000,-1.00,OK
2025-10-31 22:50:32,device_0,24.80,55.00,28.80,-1.00000000,-1.00000000,-1.00,OK
2025-10-31 22:50:37,device_0,24.80,55.00,28.59,-1.00000000,-1.00000000,-1.00,OK
2025-10-31 22:50:42,device_0,24.80,55.00,28.90,-1.00000000,-1.00000000,-1.00,OK
2025-10-31 22:50:47,device_0,24.80,55.00,28.46,-1.00000000,-1.00000000,-1.00,OK
2025-10-31 22:50:52,device_0,24.80,55.00,28.35,-1.00000000,-1.00000000,-1.00,OK
2025-10-31 22:50:57,device_0,24.80,55.00,27.84,-1.00000000,-1.00000000,-1.00,OK
2025-10-31 22:51:02,device_0,24.80,55.00,27.51,-1.00000000,-1.00000000,-1.00,OK
2025-10-31 22:51:07,device_0,24.80,55.00,27.97,-1.00000000,-1.00000000,-1.00,OK
2025-10-31 22:51:12,device_0,24.80,55.00,28.29,-1.00000000,-1.00000000,-1.00,OK
2025-10-31 22:51:17,device_0,24.80,55.20,28.24,-1.00000000,-1.00000000,-1.00,OK
2025-10-31 22:51:22,device_0,24.80,56.00,28.65,-1.00000000,-1.00000000,-1.00,OK
2025-10-31 22:51:27,device_0,24.80,56.00,27.72,-1.00000000,-1.00000000,-1.00,OK
2025-10-31 22:51:32,device_0,24.80,56.00,28.47,-1.00000000,-1.00000000,-1.00,OK
2025-10-31 22:51:37,device_0,24.80,56.00,27.52,-1.00000000,-1.00000000,-1.00,OK
2025-10-31 22:51:42,device_0,25.08,56.00,28.52,-1.00000000,-1.00000000,-1.00,OK
2025-10-31 22:51:47,device_0,25.30,56.00,29.98,-1.00000000,-1.00000000,-1.00,OK
2025-10-31 22:51:52,device_0,25.30,56.00,28.93,-1.00000000,-1.00000000,-1.00,OK
2025-10-31 22:51:57,device_0,25.30,56.00,31.18,-1.00000000,-1.00000000,-1.00,OK
2025-10-31 22:52:02,device_0,25.30,56.00,28.74,-1.00000000,-1.00000000,-1.00,OK
2025-10-31 22:52:07,device_0,25.30,56.00,29.38,-1.00000000,-1.00000000,-1.00,OK
2025-10-31 22:52:12,device_0,25.30,56.00,28.25,-1.00000000,-1.00000000,-1.00,OK
2025-10-31 22:52:17,device_0,25.30,56.00,27.87,-1.00000000,-1.00000000,-1.00,OK
2025-10-31 22:52:22,device_0,25.30,56.00,28.77,-1.00000000,-1.00000000,-1.00,OK
2025-10-31 22:52:27,device_0,25.30,56.00,28.75,-1.00000000,-1.00000000,-1.00,OK
2025-10-31 22:52:32,device_0,25.30,56.00,29.17,-1.00000000,-1.00000000,-1.00,OK
2025-10-31 22:52:37,device_0,25.30,56.00,29.65,-1.00000000,-1.00000000,-1.00,OK
2025-10-31 22:52:42,device_0,25.30,56.00,34.00,-1.00000000,-1.00000000,-1.00,OK
2025-10-31 22:52:47,device_0,25.30,56.00,33.00,-1.00000000,-1.00000000,-1.00,OK
2025-10-31 22:52:52,device_0,25.30,56.40,30.83,-1.00000000,-1.00000000,-1.00,OK
2025-10-31 22:52:57,device_0,25.30,57.00,28.99,-1.00000000,-1.00000000,-1.00,OK
2025-10-31 22:53:02,device_0,25.30,57.00,28.64,-1.00000000,-1.00000000,-1.00,OK
2025-10-31 22:53:07,device_0,25.30,57.00,28.46,-1.00000000,-1.00000000,-1.00,OK
2025-10-31 22:53:12,device_0,25.30,57.00,29.13,-1.00000000,-1.00000000,-1.00,OK
2025-10-31 22:53:17,device_0,25.30,57.00,33.12,-1.00000000,-1.00000000,-1.00,OK
2025-10-31 22:53:22,device_0,25.30,57.00,29.12,-1.00000000,-1.00000000,-1.00,OK
2025-10-31 22:53:27,device_0,25.76,57.00,30.12,-1.00000000,-1.00000000,-1.00,OK
2025-10-31 22:53:32,device_0,25.80,57.00,29.99,-1.00000000,-1.00000000,-1.00,OK
2025-10-31 22:53:37,device_0,25.80,57.00,29.47,-1.00000000,-1.00000000,-1.00,OK
2025-10-31 22:53:42,device_0,25.80,57.00,28.97,-1.00000000,-1.00000000,-1.00,OK
2025-10-31 22:53:47,device_0,25.80,57.00,31.83,-1.00000000,-1.00000000,-1.00,OK
2025-10-31 22:53:52,device_0,25.80,57.00,31.36,-1.00000000,-1.00000000,-1.00,OK
2025-10-31 22:53:57,device_0,25.80,57.00,29.04,-1.00000000,-1.00000000,-1.00,OK
2025-10-31 22:54:02,device_0,25.80,57.00,28.32,-1.00000000,-1.00000000,-1.00,OK
2025-10-31 22:54:07,device_0,25.80,57.00,30.75,-1.00000000,-1.00000000,-1.00,OK
2025-10-31 22:54:12,device_0,25.80,57.00,29.27,-1.00000000,-1.00000000,-1.00,OK
2025-10-31 22:54:17,device_0,25.80,57.00,28.80,-1.00000000,-1.00000000,-1.00,OK
2025-10-31 22:54:22,device_0,25.80,57.00,28.68,-1.00000000,-1.00000000,-1.00,OK
2025-10-31 22:54:27,device_0,25.80,57.00,28.74,-1.00000000,-1.00000000,-1.00,OK
2025-10-31 22:54:32,device_0,25.80,57.00,33.74,-1.00000000,-1.00000000,-1.00,OK
2025-10-31 22:54:37,device_0,25.80,57.00,28.20,-1.00000000,-1.00000000,-1.00,OK
2025-10-31 22:54:42,device_0,25.80,57.00,29.22,-1.00000000,-1.00000000,-1.00,OK
2025-10-31 22:54:47,device_0,25.80,57.00,29.42,-1.00000000,-1.00000000,-1.00,OK
2025-10-31 22:54:52,device_0,25.80,57.00,28.97,-1.00000000,-1.00000000,-1.00,OK
2025-10-31 22:54:57,device_0,25.80,57.20,29.40,-1.00000000,-1.00000000,-1.00,OK
2025-10-31 22:55:02,device_0,26.12,58.00,29.85,-1.00000000,-1.00000000,-1.00,OK
2025-10-31 22:55:07,device_0,26.20,58.00,29.32,-1.00000000,-1.00000000,-1.00,OK
2025-10-31 22:55:12,device_0,26.20,58.00,33.20,-1.00000000,-1.00000000,-1.00,OK
2025-10-31 22:55:17,device_0,26.20,58.00,29.22,-1.00000000,-1.00000000,-1.00,OK
2025-10-31 22:55:22,device_0,26.20,58.00,28.29,-1.00000000,-1.00000000,-1.00,OK
2025-10-31 22:55:27,device_0,26.20,58.00,28.99,-1.00000000,-1.00000000,-1.00,OK
2025-10-31 22:55:32,device_0,26.20,58.00,29.32,-1.00000000,-1.00000000,-1.00,OK
2025-10-31 22:55:37,device_0,26.20,58.00,28.58,-1.00000000,-1.00000000,-1.00,OK
2025-10-31 22:55:42,device_0,26.20,58.00,27.52,-1.00000000,-1.00000000,-1.00,OK
2025-10-31 22:55:47,device_0,26.20,58.00,28.10,-1.00000000,-1.00000000,-1.00,OK
2025-10-31 22:55:52,device_0,26.20,58.00,27.60,-1.00000000,-1.00000000,-1.00,OK
2025-10-31 22:55:57,device_0,26.20,58.00,27.97,-1.00000000,-1.00000000,-1.00,OK
2025-10-31 22:56:02,device_0,26.20,58.00,29.10,-1.00000000,-1.00000000,-1.00,OK
2025-10-31 22:56:07,device_0,26.20,58.00,32.37,-1.00000000,-1.00000000,-1.00,OK
2025-10-31 22:56:12,device_0,26.20,58.00,28.09,-1.00000000,-1.00000000,-1.00,OK
2025-10-31 22:56:17,device_0,26.20,58.00,27.72,-1.00000000,-1.00000000,-1.00,OK
2025-10-31 22:56:22,device_0,26.20,58.00,27.67,-1.00000000,-1.00000000,-1.00,OK
2025-10-31 22:56:27,device_0,26.20,58.00,33.12,-1.00000000,-1.00000000,-1.00,OK
2025-10-31 22:56:32,device_0,26.20,58.00,30.23,-1.00000000,-1.00000000,-1.00,OK
2025-10-31 22:56:37,device_0,26.20,58.00,27.99,-1.00000000,-1.00000000,-1.00,OK
2025-10-31 22:56:42,device_0,26.20,58.00,26.97,-1.00000000,-1.00000000,-1.00,OK
2025-10-31 22:56:47,device_0,26.20,58.00,28.13,-1.00000000,-1.00000000,-1.00,OK
2025-10-31 22:56:52,device_0,26.20,58.00,31.96,-1.00000000,-1.00000000,-1.00,OK
2025-10-31 22:56:57,device_0,26.20,58.00,32.75,-1.00000000,-1.00000000,-1.00,OK
2025-10-31 22:57:02,device_0,26.20,58.00,27.80,-1.00000000,-1.00000000,-1.00,OK
2025-10-31 22:57:07,device_0,26.20,58.00,27.89,-1.00000000,-1.00000000,-1.00,OK
2025-10-31 22:57:12,device_0,26.20,58.00,27.82,-1.00000000,-1.00000000,-1.00,OK
2025-10-31 22:57:17,device_0,26.20,58.00,31.44,-1.00000000,-1.00000000,-1.00,OK
2025-10-31 22:57:22,device_0,26.20,58.00,31.65,-1.00000000,-1.00000000,-1.00,OK
2025-10-31 22:57:27,device_0,26.20,58.00,27.23,-1.00000000,-1.00000000,-1.00,OK
2025-10-31 22:57:32,device_0,26.24,58.00,28.31,-1.00000000,-1.00000000,-1.00,OK
2025-10-31 22:57:37,device_0,26.46,58.00,28.49,-1.00000000,-1.00000000,-1.00,OK
2025-10-31 22:57:42,device_0,26.70,58.00,31.26,-1.00000000,-1.00000000,-1.00,OK
2025-10-31 22:57:47,device_0,26.70,58.00,32.82,-1.00000000,-1.00000000,-1.00,OK
2025-10-31 22:57:52,device_0,26.70,58.00,27.08,-1.00000000,-1.00000000,-1.00,OK
2025-10-31 22:57:57,device_0,26.70,58.00,26.89,-1.00000000,-1.00000000,-1.00,OK
2025-10-31 22:58:02,device_0,26.70,58.00,26.74,-1.00000000,-1.00000000,-1.00,OK
2025-10-31 22:58:07,device_0,26.70,58.00,30.73,-1.00000000,-1.00000000,-1.00,OK
2025-10-31 22:58:12,device_0,26.70,58.00,27.61,-1.00000000,-1.00000000,-1.00,OK
2025-10-31 22:58:17,device_0,26.70,58.00,27.26,-1.00000000,-1.00000000,-1.00,OK
2025-10-31 22:58:22,device_0,26.70,58.00,27.82,-1.00000000,-1.00000000,-1.00,OK
2025-10-31 22:58:27,device_0,26.70,59.00,26.93,-1.00000000,-1.00000000,-1.00,OK
2025-10-31 22:58:32,device_0,26.70,59.00,33.21,-1.00000000,-1.00000000,-1.00,OK
2025-10-31 22:58:37,device_0,26.70,59.00,27.15,-1.00000000,-1.00000000,-1.00,OK
2025-10-31 22:58:42,device_0,26.70,59.00,29.86,-1.00000000,-1.00000000,-1.00,OK
2025-10-31 22:58:47,device_0,26.70,59.00,31.32,-1.00000000,-1.00000000,-1.00,OK
2025-10-31 22:58:52,device_0,26.70,59.00,30.79,-1.00000000,-1.00000000,-1.00,OK
2025-10-31 22:58:57,device_0,26.70,59.00,29.12,-1.00000000,-1.00000000,-1.00,OK
2025-10-31 22:59:02,device_0,26.70,59.00,28.94,-1.00000000,-1.00000000,-1.00,OK
2025-10-31 22:59:07,device_0,26.70,59.00,27.03,-1.00000000,-1.00000000,-1.00,OK
2025-10-31 22:59:12,device_0,26.70,59.00,32.60,-1.00000000,-1.00000000,-1.00,OK
2025-10-31 22:59:17,device_0,26.70,59.00,30.81,-1.00000000,-1.00000000,-1.00,OK
2025-10-31 22:59:22,device_0,26.70,59.00,30.12,-1.00000000,-1.00000000,-1.00,OK
2025-10-31 22:59:27,device_0,26.70,59.00,27.41,-1.00000000,-1.00000000,-1.00,OK
2025-10-31 22:59:32,device_0,26.70,59.00,28.17,-1.00000000,-1.00000000,-1.00,OK
2025-10-31 22:59:37,device_0,26.70,59.00,32.93,-1.00000000,-1.00000000,-1.00,OK
2025-10-31 22:59:42,device_0,26.70,59.00,27.78,-1.00000000,-1.00000000,-1.00,OK
2025-10-31 22:59:47,device_0,26.70,59.00,30.65,-1.00000000,-1.00000000,-1.00,OK
2025-10-31 22:59:52,device_0,26.70,59.00,26.74,-1.00000000,-1.00000000,-1.00,OK
2025-10-31 22:59:57,device_0,26.70,59.00,27.82,-1.00000000,-1.00000000,-1.00,OK
2025-10-31 23:00:02,device_0,26.70,59.00,31.26,-1.00000000,-1.00000000,-1.00,OK
2025-10-31 23:00:07,device_0,26.70,59.00,28.58,-1.00000000,-1.00000000,-1.00,OK
2025-10-31 23:00:12,device_0,26.70,59.00,28.20,-1.00000000,-1.00000000,-1.00,OK
2025-10-31 23:00:17,device_0,26.70,59.00,32.75,-1.00000000,-1.00000000,-1.00,OK
2025-10-31 23:00:23,device_0,26.70,59.00,27.83,-1.00000000,-1.00000000,-1.00,OK
2025-10-31 23:00:27,device_0,26.70,59.00,29.06,-1.00000000,-1.00000000,-1.00,OK
2025-10-31 23:00:32,device_0,26.70,59.00,28.30,-1.00000000,-1.00000000,-1.00,OK
2025-10-31 23:00:37,device_0,26.70,59.00,28.19,-1.00000000,-1.00000000,-1.00,OK
2025-10-31 23:00:42,device_0,26.70,59.00,28.08,-1.00000000,-1.00000000,-1.00,OK
2025-10-31 23:00:50,device_0,26.70,59.00,27.76,-1.00000000,-1.00000000,-1.00,OK
2025-10-31 23:00:52,device_0,26.70,59.40,29.04,-1.00000000,-1.00000000,-1.00,OK
2025-10-31 23:00:57,device_0,26.70,60.00,27.72,-1.00000000,-1.00000000,-1.00,OK
2025-10-31 23:01:02,device_0,26.70,60.00,28.76,-1.00000000,-1.00000000,-1.00,OK
2025-10-31 23:01:07,device_0,26.70,60.00,28.78,-1.00000000,-1.00000000,-1.00,OK
2025-10-31 23:01:14,device_0,26.70,60.00,28.19,-1.00000000,-1.00000000,-1.00,OK
2025-10-31 23:01:17,device_0,26.70,60.00,28.88,-1.00000000,-1.00000000,-1.00,OK
2025-10-31 23:01:22,device_0,26.70,60.00,29.33,-1.00000000,-1.00000000,-1.00,OK
2025-10-31 23:01:27,device_0,26.70,60.00,27.96,-1.00000000,-1.00000000,-1.00,OK
2025-10-31 23:01:32,device_0,26.70,60.00,28.76,-1.00000000,-1.00000000,-1.00,OK
2025-10-31 23:01:37,device_0,26.70,60.00,27.55,-1.00000000,-1.00000000,-1.00,OK
2025-10-31 23:01:42,device_0,26.70,60.00,28.35,-1.00000000,-1.00000000,-1.00,OK
2025-10-31 23:01:47,device_0,26.70,60.00,28.31,-1.00000000,-1.00000000,-1.00,OK
2025-10-31 23:01:52,device_0,26.70,60.00,28.01,-1.00000000,-1.00000000,-1.00,OK
2025-10-31 23:01:57,device_0,26.70,60.00,29.68,-1.00000000,-1.00000000,-1.00,OK
2025-10-31 23:02:02,device_0,26.70,60.00,27.82,-1.00000000,-1.00000000,-1.00,OK
2025-10-31 23:02:07,device_0,26.70,60.00,34.19,-1.00000000,-1.00000000,-1.00,OK
2025-10-31 23:02:12,device_0,26.70,60.00,27.23,-1.00000000,-1.00000000,-1.00,OK
2025-10-31 23:02:17,device_0,26.70,60.00,29.54,-1.00000000,-1.00000000,-1.00,OK
2025-10-31 23:02:22,device_0,26.70,60.00,29.89,-1.00000000,-1.00000000,-1.00,OK
2025-10-31 23:02:27,device_0,26.70,60.00,29.31,-1.00000000,-1.00000000,-1.00,OK
2025-10-31 23:02:32,device_0,26.70,60.40,29.18,-1.00000000,-1.00000000,-1.00,OK
2025-10-31 23:02:37,device_0,26.70,60.00,28.50,-1.00000000,-1.00000000,-1.00,OK
2025-10-31 23:02:42,device_0,26.70,60.80,28.41,-1.00000000,-1.00000000,-1.00,OK
2025-10-31 23:02:47,device_0,26.70,61.00,28.53,-1.00000000,-1.00000000,-1.00,OK
2025-10-31 23:02:52,device_0,26.70,61.00,29.07,-1.00000000,-1.00000000,-1.00,OK
2025-10-31 23:02:57,device_0,26.70,61.00,28.50,-1.00000000,-1.00000000,-1.00,OK
2025-10-31 23:03:02,device_0,26.74,61.00,28.31,-1.00000000,-1.00000000,-1.00,OK
2025-10-31 23:03:07,device_0,27.06,61.00,28.06,-1.00000000,-1.00000000,-1.00,OK
2025-10-31 23:03:12,device_0,27.10,61.00,28.10,-1.00000000,-1.00000000,-1.00,OK
2025-10-31 23:03:17,device_0,27.10,61.00,28.45,-1.00000000,-1.00000000,-1.00,OK
2025-10-31 23:03:22,device_0,27.10,61.00,28.39,-1.00000000,-1.00000000,-1.00,OK
2025-10-31 23:03:27,device_0,27.10,61.00,32.73,-1.00000000,-1.00000000,-1.00,OK
2025-10-31 23:03:32,device_0,27.10,61.00,26.64,-1.00000000,-1.00000000,-1.00,OK
2025-10-31 23:03:37,device_0,27.10,61.00,27.78,-1.00000000,-1.00000000,-1.00,OK
2025-10-31 23:03:42,device_0,27.10,61.00,31.50,-1.00000000,-1.00000000,-1.00,OK
2025-10-31 23:03:47,device_0,27.10,61.00,26.83,-1.00000000,-1.00000000,-1.00,OK
2025-10-31 23:03:52,device_0,27.10,61.00,32.71,-1.00000000,-1.00000000,-1.00,OK
2025-10-31 23:03:57,device_0,27.10,61.00,27.80,-1.00000000,-1.00000000,-1.00,OK
2025-10-31 23:04:02,device_0,27.10,61.00,30.16,-1.00000000,-1.00000000,-1.00,OK
2025-10-31 23:04:07,device_0,27.10,61.00,28.53,-1.00000000,-1.00000000,-1.00,OK
2025-10-31 23:04:12,device_0,27.10,61.00,27.41,-1.00000000,-1.00000000,-1.00,OK
2025-10-31 23:04:17,device_0,27.10,61.00,27.61,-1.00000000,-1.00000000,-1.00,OK
2025-10-31 23:04:22,device_0,27.10,61.00,26.27,-1.00000000,-1.00000000,-1.00,OK
2025-10-31 23:04:27,device_0,27.10,61.00,27.43,-1.00000000,-1.00000000,-1.00,OK
2025-10-31 23:04:32,device_0,27.10,61.00,27.77,-1.00000000,-1.00000000,-1.00,OK
2025-10-31 23:04:37,device_0,27.10,61.00,28.44,-1.00000000,-1.00000000,-1.00,OK
2025-10-31 23:04:42,device_0,27.10,61.00,27.19,-1.00000000,-1.00000000,-1.00,OK
2025-10-31 23:04:47,device_0,27.10,62.00,31.74,-1.00000000,-1.00000000,-1.00,OK
2025-10-31 23:04:52,device_0,27.10,62.00,27.89,-1.00000000,-1.00000000,-1.00,OK
2025-10-31 23:05:13,device_0,27.10,62.00,102.82,-1.00000000,-1.00000000,-1.00,OK
2025-10-31 23:05:18,device_0,27.10,61.20,101.84,-1.00000000,-1.00000000,-1.00,OK
2025-10-31 23:05:23,device_0,27.10,62.00,101.80,-1.00000000,-1.00000000,-1.00,OK
2025-10-31 23:05:29,device_0,27.10,62.00,102.23,-1.00000000,-1.00000000,-1.00,OK
2025-10-31 23:05:33,device_0,27.10,62.00,102.47,-1.00000000,-1.00000000,-1.00,OK
2025-10-31 23:05:38,device_0,27.10,62.00,102.07,-1.00000000,-1.00000000,-1.00,OK
2025-10-31 23:05:43,device_0,27.10,62.00,102.14,-1.00000000,-1.00000000,-1.00,OK
2025-10-31 23:05:48,device_0,27.10,62.00,101.83,-1.00000000,-1.00000000,-1.00,OK
2025-10-31 23:05:53,device_0,27.10,62.00,102.50,-1.00000000,-1.00000000,-1.00,OK
2025-10-31 23:05:59,device_0,27.10,62.80,102.08,-1.00000000,-1.00000000,-1.00,OK
2025-10-31 23:06:05,device_0,27.10,63.00,101.84,-1.00000000,-1.00000000,-1.00,OK
2025-10-31 23:06:08,device_0,27.10,63.00,102.03,-1.00000000,-1.00000000,-1.00,OK
2025-10-31 23:06:13,device_0,27.10,63.00,101.93,-1.00000000,-1.00000000,-1.00,OK
2025-10-31 23:06:18,device_0,27.10,63.00,102.02,-1.00000000,-1.00000000,-1.00,OK
2025-10-31 23:06:23,device_0,27.10,63.00,101.68,-1.00000000,-1.00000000,-1.00,OK
2025-10-31 23:06:29,device_0,27.10,63.00,102.25,-1.00000000,-1.00000000,-1.00,OK
2025-10-31 23:06:33,device_0,27.10,63.00,102.48,-1.00000000,-1.00000000,-1.00,OK
2025-10-31 23:06:38,device_0,27.10,63.00,101.93,-1.00000000,-1.00000000,-1.00,OK
2025-10-31 23:06:43,device_0,27.10,63.00,102.14,-1.00000000,-1.00000000,-1.00,OK
2025-10-31 23:06:48,device_0,27.10,63.00,102.24,-1.00000000,-1.00000000,-1.00,OK
2025-10-31 23:06:53,device_0,27.10,63.00,102.12,-1.00000000,-1.00000000,-1.00,OK
2025-10-31 23:06:58,device_0,27.10,63.00,102.70,-1.00000000,-1.00000000,-1.00,OK
2025-10-31 23:07:03,device_0,27.10,63.00,101.67,-1.00000000,-1.00000000,-1.00,OK
2025-10-31 23:07:08,device_0,27.10,63.00,101.69,-1.00000000,-1.00000000,-1.00,OK
2025-10-31 23:07:13,device_0,27.10,63.00,101.18,-1.00000000,-1.00000000,-1.00,OK
2025-10-31 23:07:19,device_0,27.10,63.00,101.68,-1.00000000,-1.00000000,-1.00,OK
2025-10-31 23:07:23,device_0,27.10,63.00,102.03,-1.00000000,-1.00000000,-1.00,OK
2025-10-31 23:07:28,device_0,27.10,63.00,101.97,-1.00000000,-1.00000000,-1.00,OK
2025-10-31 23:07:33,device_0,27.10,63.00,101.60,-1.00000000,-1.00000000,-1.00,OK
2025-10-31 23:07:38,device_0,27.10,63.00,101.73,-1.00000000,-1.00000000,-1.00,OK
2025-10-31 23:07:43,device_0,27.10,63.00,101.82,-1.00000000,-1.00000000,-1.00,OK
2025-10-31 23:07:48,device_0,27.10,63.00,102.24,-1.00000000,-1.00000000,-1.00,OK
2025-10-31 23:07:53,device_0,27.10,63.00,101.77,-1.00000000,-1.00000000,-1.00,OK
2025-10-31 23:07:58,device_0,27.10,63.00,102.29,-1.00000000,-1.00000000,-1.00,OK
2025-10-31 23:08:03,device_0,27.10,63.00,101.96,-1.00000000,-1.00000000,-1.00,OK
2025-10-31 23:08:08,device_0,27.10,63.00,102.52,-1.00000000,-1.00000000,-1.00,OK
2025-10-31 23:08:13,device_0,27.10,63.00,101.55,-1.00000000,-1.00000000,-1.00,OK
2025-10-31 23:08:18,device_0,27.10,63.00,102.10,-1.00000000,-1.00000000,-1.00,OK
2025-10-31 23:08:23,device_0,27.10,63.00,102.13,-1.00000000,-1.00000000,-1.00,OK
2025-10-31 23:08:28,device_0,27.10,63.00,101.79,-1.00000000,-1.00000000,-1.00,OK
2025-10-31 23:08:33,device_0,27.10,63.00,101.77,-1.00000000,-1.00000000,-1.00,OK
2025-10-31 23:08:38,device_0,27.10,63.00,102.17,-1.00000000,-1.00000000,-1.00,OK
2025-10-31 23:08:43,device_0,27.10,63.00,101.82,-1.00000000,-1.00000000,-1.00,OK
2025-10-31 23:08:48,device_0,27.10,63.00,102.00,-1.00000000,-1.00000000,-1.00,OK
2025-10-31 23:08:53,device_0,27.10,63.00,101.14,-1.00000000,-1.00000000,-1.00,OK
2025-10-31 23:08:58,device_0,27.10,63.00,101.72,-1.00000000,-1.00000000,-1.00,OK
2025-10-31 23:09:03,device_0,27.10,63.00,102.14,-1.00000000,-1.00000000,-1.00,OK
2025-10-31 23:09:08,device_0,27.10,63.00,105.08,-1.00000000,-1.00000000,-1.00,OK
2025-10-31 23:09:30,device_0,27.10,63.00,60.04,-1.00000000,-1.00000000,-1.00,OK
2025-10-31 23:09:35,device_0,27.10,63.00,60.15,-1.00000000,-1.00000000,-1.00,OK
2025-10-31 23:09:40,device_0,27.10,63.00,59.58,-1.00000000,-1.00000000,-1.00,OK
2025-10-31 23:09:46,device_0,27.10,63.00,60.99,-1.00000000,-1.00000000,-1.00,OK
2025-10-31 23:09:50,device_0,27.10,64.00,59.66,-1.00000000,-1.00000000,-1.00,OK
2025-10-31 23:09:55,device_0,27.10,64.00,59.48,-1.00000000,-1.00000000,-1.00,OK
2025-10-31 23:10:00,device_0,27.10,64.00,59.56,-1.00000000,-1.00000000,-1.00,OK
2025-10-31 23:10:05,device_0,27.10,64.00,59.60,-1.00000000,-1.00000000,-1.00,OK
2025-10-31 23:10:10,device_0,27.10,64.00,64.04,-1.00000000,-1.00000000,-1.00,OK
2025-10-31 23:10:15,device_0,27.10,64.00,59.44,-1.00000000,-1.00000000,-1.00,OK
2025-10-31 23:10:20,device_0,27.10,64.00,59.69,-1.00000000,-1.00000000,-1.00,OK
2025-10-31 23:10:25,device_0,27.10,64.00,77.50,-1.00000000,-1.00000000,-1.00,OK
2025-10-31 23:10:30,device_0,27.10,65.80,72.42,-1.00000000,-1.00000000,-1.00,OK
2025-10-31 23:10:35,device_0,27.10,67.80,64.14,-1.00000000,-1.00000000,-1.00,OK
2025-10-31 23:10:40,device_0,27.10,68.00,66.56,-1.00000000,-1.00000000,-1.00,OK
2025-10-31 23:10:45,device_0,27.10,68.00,67.57,-1.00000000,-1.00000000,-1.00,OK
2025-10-31 23:10:50,device_0,27.10,67.80,68.15,-1.00000000,-1.00000000,-1.00,OK
2025-10-31 23:10:55,device_0,27.10,67.00,69.70,-1.00000000,-1.00000000,-1.00,OK
2025-10-31 23:11:00,device_0,27.10,67.00,69.36,-1.00000000,-1.00000000,-1.00,OK
2025-10-31 23:11:05,device_0,27.10,66.60,67.06,-1.00000000,-1.00000000,-1.00,OK
2025-10-31 23:11:10,device_0,27.10,66.00,68.40,-1.00000000,-1.00000000,-1.00,OK
2025-10-31 23:11:16,device_0,27.10,66.00,66.58,-1.00000000,-1.00000000,-1.00,OK
2025-10-31 23:11:20,device_0,27.10,66.00,65.45,-1.00000000,-1.00000000,-1.00,OK
2025-10-31 23:11:25,device_0,27.10,66.00,66.55,-1.00000000,-1.00000000,-1.00,OK
2025-10-31 23:11:30,device_0,27.10,65.40,66.34,-1.00000000,-1.00000000,-1.00,OK
2025-10-31 23:11:35,device_0,27.10,65.00,66.94,-1.00000000,-1.00000000,-1.00,OK
2025-10-31 23:11:40,device_0,27.10,65.00,66.33,-1.00000000,-1.00000000,-1.00,OK
2025-10-31 23:11:45,device_0,27.10,65.00,67.33,-1.00000000,-1.00000000,-1.00,OK
2025-10-31 23:11:50,device_0,27.10,65.00,67.61,-1.00000000,-1.00000000,-1.00,OK
2025-10-31 23:11:55,device_0,27.10,65.00,68.63,-1.00000000,-1.00000000,-1.00,OK
2025-10-31 23:12:00,device_0,27.10,65.00,67.52,-1.00000000,-1.00000000,-1.00,OK
2025-10-31 23:12:05,device_0,27.10,65.00,66.04,-1.00000000,-1.00000000,-1.00,OK
2025-10-31 23:12:10,device_0,27.10,65.00,69.44,-1.00000000,-1.00000000,-1.00,OK
2025-10-31 23:12:15,device_0,27.10,65.00,69.54,-1.00000000,-1.00000000,-1.00,OK
2025-10-31 23:12:20,device_0,27.10,65.00,67.75,-1.00000000,-1.00000000,-1.00,OK
2025-10-31 23:12:25,device_0,27.10,65.00,67.15,-1.00000000,-1.00000000,-1.00,OK
2025-10-31 23:12:30,device_0,27.10,65.00,66.06,-1.00000000,-1.00000000,-1.00,OK
2025-10-31 23:12:35,device_0,27.10,65.00,65.69,-1.00000000,-1.00000000,-1.00,OK
2025-10-31 23:12:40,device_0,27.10,65.60,65.70,-1.00000000,-1.00000000,-1.00,OK
2025-10-31 23:12:46,device_0,27.10,66.00,65.20,-1.00000000,-1.00000000,-1.00,OK
2025-10-31 23:12:51,device_0,27.10,67.00,66.73,-1.00000000,-1.00000000,-1.00,OK
2025-10-31 23:12:55,device_0,27.10,67.00,66.56,-1.00000000,-1.00000000,-1.00,OK
2025-10-31 23:13:00,device_0,27.10,67.00,67.88,-1.00000000,-1.00000000,-1.00,OK
2025-10-31 23:13:05,device_0,27.10,66.60,66.85,-1.00000000,-1.00000000,-1.00,OK
2025-10-31 23:13:10,device_0,27.10,66.00,66.78,-1.00000000,-1.00000000,-1.00,OK
2025-10-31 23:13:15,device_0,27.10,66.00,68.52,-1.00000000,-1.00000000,-1.00,OK
2025-10-31 23:13:20,device_0,27.10,66.00,69.81,-1.00000000,-1.00000000,-1.00,OK
2025-10-31 23:13:25,device_0,27.10,66.00,67.30,-1.00000000,-1.00000000,-1.00,OK
2025-10-31 23:13:30,device_0,27.10,66.00,67.01,-1.00000000,-1.00000000,-1.00,OK
2025-10-31 23:13:35,device_0,27.10,66.00,66.01,-1.00000000,-1.00000000,-1.00,OK
2025-10-31 23:13:40,device_0,27.10,66.00,65.95,-1.00000000,-1.00000000,-1.00,OK
2025-10-31 23:13:45,device_0,27.10,65.60,64.28,-1.00000000,-1.00000000,-1.00,OK
2025-10-31 23:13:50,device_0,27.10,65.00,66.00,-1.00000000,-1.00000000,-1.00,OK
2025-10-31 23:13:55,device_0,27.10,65.00,66.65,-1.00000000,-1.00000000,-1.00,OK
2025-10-31 23:14:00,device_0,27.10,65.00,67.44,-1.00000000,-1.00000000,-1.00,OK
2025-10-31 23:14:05,device_0,27.10,65.00,67.28,-1.00000000,-1.00000000,-1.00,OK
2025-10-31 23:14:10,device_0,27.10,64.80,69.01,-1.00000000,-1.00000000,-1.00,OK
2025-10-31 23:14:34,device_0,26.97,63.67,79.78,-1.00000000,-1.00000000,-1.00,OK
2025-10-31 23:14:39,device_0,26.70,63.80,82.05,-1.00000000,-1.00000000,-1.00,OK
2025-10-31 23:14:44,device_0,26.70,64.00,81.17,-1.00000000,-1.00000000,-1.00,OK
2025-10-31 23:14:49,device_0,26.70,64.00,80.04,-1.00000000,-1.00000000,-1.00,OK
2025-10-31 23:14:54,device_0,26.70,64.00,87.43,-1.00000000,-1.00000000,-1.00,OK
2025-10-31 23:14:59,device_0,26.70,64.00,83.16,-1.00000000,-1.00000000,-1.00,OK
2025-10-31 23:15:04,device_0,26.70,64.00,83.50,-1.00000000,-1.00000000,-1.00,OK
2025-10-31 23:15:09,device_0,26.70,64.00,90.26,-1.00000000,-1.00000000,-1.00,OK
2025-10-31 23:15:14,device_0,26.70,66.20,82.69,-1.00000000,-1.00000000,-1.00,OK
2025-10-31 23:15:19,device_0,26.70,67.80,83.84,-1.00000000,-1.00000000,-1.00,OK
2025-10-31 23:15:24,device_0,26.76,68.00,79.77,-1.00000000,-1.00000000,-1.00,OK
2025-10-31 23:15:29,device_0,27.08,68.00,78.95,-1.00000000,-1.00000000,-1.00,OK
2025-10-31 23:15:34,device_0,27.10,66.80,79.60,-1.00000000,-1.00000000,-1.00,OK
2025-10-31 23:15:39,device_0,27.10,66.00,78.91,-1.00000000,-1.00000000,-1.00,OK
2025-10-31 23:15:44,device_0,27.00,65.00,79.35,-1.00000000,-1.00000000,-1.00,OK
2025-10-31 23:15:49,device_0,26.72,64.20,79.98,-1.00000000,-1.00000000,-1.00,OK
2025-10-31 23:15:54,device_0,26.70,64.00,79.78,-1.00000000,-1.00000000,-1.00,OK
2025-10-31 23:15:59,device_0,26.70,64.00,79.08,-1.00000000,-1.00000000,-1.00,OK
2025-10-31 23:16:04,device_0,26.70,63.00,80.06,-1.00000000,-1.00000000,-1.00,OK
2025-10-31 23:16:09,device_0,26.70,63.00,80.04,-1.00000000,-1.00000000,-1.00,OK
2025-10-31 23:16:14,device_0,26.70,63.00,80.89,-1.00000000,-1.00000000,-1.00,OK
2025-10-31 23:16:19,device_0,26.70,63.00,79.15,-1.00000000,-1.00000000,-1.00,OK
2025-10-31 23:16:24,device_0,26.70,62.40,80.85,-1.00000000,-1.00000000,-1.00,OK
2025-10-31 23:16:29,device_0,26.70,62.00,80.10,-1.00000000,-1.00000000,-1.00,OK
2025-10-31 23:16:34,device_0,26.70,62.00,79.96,-1.00000000,-1.00000000,-1.00,OK
2025-10-31 23:16:39,device_0,26.70,62.00,79.83,-1.00000000,-1.00000000,-1.00,OK
2025-10-31 23:16:44,device_0,26.70,61.80,79.38,-1.00000000,-1.00000000,-1.00,OK
2025-10-31 23:16:49,device_0,26.70,61.00,80.05,-1.00000000,-1.00000000,-1.00,OK
2025-10-31 23:16:54,device_0,26.70,61.00,80.01,-1.00000000,-1.00000000,-1.00,OK
2025-10-31 23:16:59,device_0,26.70,61.00,78.79,-1.00000000,-1.00000000,-1.00,OK
2025-10-31 23:17:04,device_0,26.70,61.00,79.56,-1.00000000,-1.00000000,-1.00,OK
2025-10-31 23:17:09,device_0,26.70,61.00,78.77,-1.00000000,-1.00000000,-1.00,OK
2025-10-31 23:17:14,device_0,26.62,61.00,81.02,-1.00000000,-1.00000000,-1.00,OK
2025-10-31 23:17:19,device_0,26.22,60.60,79.12,-1.00000000,-1.00000000,-1.00,OK
2025-10-31 23:17:24,device_0,26.20,60.00,81.09,-1.00000000,-1.00000000,-1.00,OK
2025-10-31 23:17:29,device_0,26.20,60.00,79.03,-1.00000000,-1.00000000,-1.00,OK
2025-10-31 23:17:34,device_0,26.20,60.00,79.85,-1.00000000,-1.00000000,-1.00,OK
2025-10-31 23:17:39,device_0,26.20,60.00,80.27,-1.00000000,-1.00000000,-1.00,OK
2025-10-31 23:17:44,device_0,26.20,60.00,80.10,-1.00000000,-1.00000000,-1.00,OK
2025-10-31 23:17:49,device_0,26.20,60.00,80.21,-1.00000000,-1.00000000,-1.00,OK
2025-10-31 23:17:54,device_0,26.20,60.00,80.05,-1.00000000,-1.00000000,-1.00,OK
2025-10-31 23:17:59,device_0,26.20,60.00,78.98,-1.00000000,-1.00000000,-1.00,OK
2025-10-31 23:18:04,device_0,26.20,60.00,80.08,-1.00000000,-1.00000000,-1.00,OK
2025-10-31 23:18:09,device_0,25.88,60.00,79.29,-1.00000000,-1.00000000,-1.00,OK
2025-10-31 23:18:14,device_0,25.80,60.00,80.17,-1.00000000,-1.00000000,-1.00,OK
2025-10-31 23:18:19,device_0,25.80,60.00,80.21,-1.00000000,-1.00000000,-1.00,OK
2025-10-31 23:18:24,device_0,25.80,59.80,80.45,-1.00000000,-1.00000000,-1.00,OK
2025-10-31 23:18:29,device_0,25.80,59.00,79.51,-1.00000000,-1.00000000,-1.00,OK
2025-10-31 23:18:34,device_0,25.80,59.00,81.10,-1.00000000,-1.00000000,-1.00,OK
2025-10-31 23:18:39,device_0,25.80,59.00,80.46,-1.00000000,-1.00000000,-1.00,OK
2025-10-31 23:18:44,device_0,25.80,59.00,80.83,-1.00000000,-1.00000000,-1.00,OK
2025-10-31 23:18:49,device_0,25.80,59.00,80.91,-1.00000000,-1.00000000,-1.00,OK
2025-10-31 23:18:54,device_0,25.80,59.00,81.88,-1.00000000,-1.00000000,-1.00,OK
2025-10-31 23:18:59,device_0,25.80,59.00,80.43,-1.00000000,-1.00000000,-1.00,OK
2025-10-31 23:19:04,device_0,25.80,59.00,80.93,-1.00000000,-1.00000000,-1.00,OK
2025-10-31 23:19:09,device_0,25.80,59.00,80.76,-1.00000000,-1.00000000,-1.00,OK
2025-10-31 23:19:14,device_0,25.80,59.00,82.12,-1.00000000,-1.00000000,-1.00,OK
2025-10-31 23:19:19,device_0,25.80,59.00,81.54,-1.00000000,-1.00000000,-1.00,OK
2025-10-31 23:19:24,device_0,25.78,59.00,80.63,-1.00000000,-1.00000000,-1.00,OK
2025-10-31 23:19:29,device_0,25.42,59.00,81.54,-1.00000000,-1.00000000,-1.00,OK
2025-10-31 23:19:34,device_0,25.30,59.00,80.33,-1.00000000,-1.00000000,-1.00,OK
2025-10-31 23:19:39,device_0,25.30,59.00,79.79,-1.00000000,-1.00000000,-1.00,OK
2025-10-31 23:19:44,device_0,25.30,59.00,78.92,-1.00000000,-1.00000000,-1.00,OK
2025-10-31 23:19:49,device_0,25.30,59.00,78.58,-1.00000000,-1.00000000,-1.00,OK
2025-10-31 23:19:54,device_0,25.30,59.00,77.65,-1.00000000,-1.00000000,-1.00,OK
2025-10-31 23:19:59,device_0,25.30,59.00,78.22,-1.00000000,-1.00000000,-1.00,OK
2025-10-31 23:20:04,device_0,25.30,59.00,78.29,-1.00000000,-1.00000000,-1.00,OK
2025-10-31 23:20:09,device_0,25.30,59.00,77.45,-1.00000000,-1.00000000,-1.00,OK
2025-10-31 23:20:14,device_0,25.30,59.00,79.23,-1.00000000,-1.00000000,-1.00,OK
2025-10-31 23:20:19,device_0,25.30,59.00,79.03,-1.00000000,-1.00000000,-1.00,OK
2025-10-31 23:20:24,device_0,25.30,58.00,78.27,-1.00000000,-1.00000000,-1.00,OK
2025-10-31 23:20:29,device_0,25.30,58.00,78.61,-1.00000000,-1.00000000,-1.00,OK
2025-10-31 23:20:34,device_0,25.30,58.00,78.68,-1.00000000,-1.00000000,-1.00,OK
2025-10-31 23:20:39,device_0,25.30,58.00,79.28,-1.00000000,-1.00000000,-1.00,OK
2025-10-31 23:20:44,device_0,25.30,58.00,79.25,-1.00000000,-1.00000000,-1.00,OK
2025-10-31 23:20:49,device_0,25.30,58.00,79.04,-1.00000000,-1.00000000,-1.00,OK
2025-10-31 23:20:54,device_0,25.30,58.00,80.05,-1.00000000,-1.00000000,-1.00,OK
2025-10-31 23:20:59,device_0,25.30,58.00,78.67,-1.00000000,-1.00000000,-1.00,OK
2025-10-31 23:21:04,device_0,25.30,58.00,79.65,-1.00000000,-1.00000000,-1.00,OK
2025-10-31 23:21:09,device_0,25.30,58.00,78.60,-1.00000000,-1.00000000,-1.00,OK
2025-10-31 23:21:14,device_0,25.30,58.00,78.89,-1.00000000,-1.00000000,-1.00,OK
2025-10-31 23:21:19,device_0,25.30,58.00,79.62,-1.00000000,-1.00000000,-1.00,OK
2025-10-31 23:21:24,device_0,25.30,58.00,80.13,-1.00000000,-1.00000000,-1.00,OK
2025-10-31 23:21:29,device_0,25.30,58.00,78.72,-1.00000000,-1.00000000,-1.00,OK
2025-10-31 23:21:34,device_0,25.30,58.00,80.94,-1.00000000,-1.00000000,-1.00,OK
2025-10-31 23:21:39,device_0,25.30,58.00,78.69,-1.00000000,-1.00000000,-1.00,OK
2025-10-31 23:21:44,device_0,25.30,58.00,78.71,-1.00000000,-1.00000000,-1.00,OK
2025-10-31 23:21:49,device_0,25.30,58.00,80.12,-1.00000000,-1.00000000,-1.00,OK
2025-10-31 23:21:54,device_0,25.30,57.00,79.52,-1.00000000,-1.00000000,-1.00,OK
2025-10-31 23:21:59,device_0,25.30,57.00,79.11,-1.00000000,-1.00000000,-1.00,OK
2025-10-31 23:22:04,device_0,25.30,57.00,79.55,-1.00000000,-1.00000000,-1.00,OK
2025-10-31 23:22:09,device_0,25.30,57.00,77.81,-1.00000000,-1.00000000,-1.00,OK
2025-10-31 23:22:14,device_0,25.30,57.00,79.30,-1.00000000,-1.00000000,-1.00,OK
2025-10-31 23:22:35,device_0,25.30,57.00,43.02,-1.00000000,-1.00000000,-1.00,OK
2025-10-31 23:22:40,device_0,25.10,56.20,40.32,-1.00000000,-1.00000000,-1.00,OK
2025-10-31 23:22:45,device_0,25.26,56.00,41.18,-1.00000000,-1.00000000,-1.00,OK
2025-10-31 23:22:50,device_0,25.30,56.00,40.67,-1.00000000,-1.00000000,-1.00,OK
2025-10-31 23:22:55,device_0,25.30,56.00,41.06,-1.00000000,-1.00000000,-1.00,OK
2025-10-31 23:23:00,device_0,25.30,56.00,39.95,-1.00000000,-1.00000000,-1.00,OK
2025-10-31 23:23:05,device_0,25.28,56.00,40.47,-1.00000000,-1.00000000,-1.00,OK
2025-10-31 23:23:10,device_0,25.00,56.00,39.84,-1.00000000,-1.00000000,-1.00,OK
2025-10-31 23:23:15,device_0,24.80,56.00,42.08,-1.00000000,-1.00000000,-1.00,OK
2025-10-31 23:23:20,device_0,24.80,56.00,40.73,-1.00000000,-1.00000000,-1.00,OK
2025-10-31 23:23:25,device_0,24.80,56.00,41.22,-1.00000000,-1.00000000,-1.00,OK
2025-10-31 23:23:30,device_0,24.80,56.00,40.67,-1.00000000,-1.00000000,-1.00,OK
2025-10-31 23:23:35,device_0,24.80,56.00,41.78,-1.00000000,-1.00000000,-1.00,OK
2025-10-31 23:23:40,device_0,24.80,56.00,54.91,-1.00000000,-1.00000000,-1.00,OK
2025-10-31 23:23:45,device_0,24.80,55.00,41.35,-1.00000000,-1.00000000,-1.00,OK
2025-10-31 23:23:50,device_0,24.80,55.80,39.77,-1.00000000,-1.00000000,-1.00,OK
2025-10-31 23:23:55,device_0,24.80,56.00,41.81,-1.00000000,-1.00000000,-1.00,OK
2025-10-31 23:24:00,device_0,24.80,56.00,44.52,-1.00000000,-1.00000000,-1.00,OK
2025-10-31 23:24:05,device_0,24.80,56.00,55.20,-1.00000000,-1.00000000,-1.00,OK
2025-10-31 23:24:10,device_0,24.80,56.00,53.71,-1.00000000,-1.00000000,-1.00,OK
2025-10-31 23:24:15,device_0,24.80,56.00,49.38,-1.00000000,-1.00000000,-1.00,OK
2025-10-31 23:24:20,device_0,24.80,56.00,40.69,-1.00000000,-1.00000000,-1.00,OK
2025-10-31 23:24:25,device_0,24.80,56.00,41.36,-1.00000000,-1.00000000,-1.00,OK
2025-10-31 23:24:30,device_0,24.80,56.00,40.37,-1.00000000,-1.00000000,-1.00,OK
2025-10-31 23:24:35,device_0,24.80,56.00,41.65,-1.00000000,-1.00000000,-1.00,OK
2025-10-31 23:24:40,device_0,24.80,55.60,41.68,-1.00000000,-1.00000000,-1.00,OK
2025-10-31 23:24:45,device_0,24.80,55.00,41.64,-1.00000000,-1.00000000,-1.00,OK
2025-10-31 23:24:50,device_0,24.80,55.00,41.06,-1.00000000,-1.00000000,-1.00,OK
2025-10-31 23:24:55,device_0,24.80,55.00,42.25,-1.00000000,-1.00000000,-1.00,OK
2025-10-31 23:25:00,device_0,24.80,55.00,41.51,-1.00000000,-1.00000000,-1.00,OK
2025-10-31 23:25:05,device_0,24.80,55.00,41.28,-1.00000000,-1.00000000,-1.00,OK
2025-10-31 23:25:10,device_0,24.80,55.00,42.16,-1.00000000,-1.00000000,-1.00,OK
2025-10-31 23:25:15,device_0,24.80,55.00,41.69,-1.00000000,-1.00000000,-1.00,OK
2025-10-31 23:25:20,device_0,24.80,55.00,41.05,-1.00000000,-1.00000000,-1.00,OK
2025-10-31 23:25:25,device_0,24.80,56.00,43.13,-1.00000000,-1.00000000,-1.00,OK
2025-10-31 23:25:45,device_0,24.80,55.67,40.87,-1.00000000,-1.00000000,-1.00,OK
2025-10-31 23:25:50,device_0,24.92,55.00,41.73,-1.00000000,-1.00000000,-1.00,OK
2025-10-31 23:25:56,device_0,25.30,55.60,43.86,-1.00000000,-1.00000000,-1.00,OK
2025-10-31 23:26:00,device_0,25.30,56.00,41.36,-1.00000000,-1.00000000,-1.00,OK
2025-10-31 23:26:05,device_0,25.30,56.00,41.12,-1.00000000,-1.00000000,-1.00,OK
2025-10-31 23:26:10,device_0,25.30,56.40,44.47,-1.00000000,-1.00000000,-1.00,OK
2025-10-31 23:26:15,device_0,25.30,58.20,54.09,-1.00000000,-1.00000000,-1.00,OK
2025-10-31 23:26:20,device_0,25.30,59.00,48.50,-1.00000000,-1.00000000,-1.00,OK
2025-10-31 23:26:25,device_0,25.30,59.00,51.12,-1.00000000,-1.00000000,-1.00,OK
2025-10-31 23:26:30,device_0,25.30,59.00,47.07,-1.00000000,-1.00000000,-1.00,OK
2025-10-31 23:26:35,device_0,25.40,59.00,46.84,-1.00000000,-1.00000000,-1.00,OK
2025-10-31 23:26:40,device_0,25.80,59.00,46.76,-1.00000000,-1.00000000,-1.00,OK
2025-10-31 23:26:45,device_0,25.80,59.00,47.92,-1.00000000,-1.00000000,-1.00,OK
2025-10-31 23:26:50,device_0,25.80,58.60,49.97,-1.00000000,-1.00000000,-1.00,OK
2025-10-31 23:26:55,device_0,25.80,58.00,50.82,-1.00000000,-1.00000000,-1.00,OK
2025-10-31 23:27:00,device_0,25.80,58.00,50.52,-1.00000000,-1.00000000,-1.00,OK
2025-10-31 23:27:05,device_0,25.80,58.00,50.17,-1.00000000,-1.00000000,-1.00,OK
2025-10-31 23:27:10,device_0,25.80,58.00,50.03,-1.00000000,-1.00000000,-1.00,OK
2025-10-31 23:27:15,device_0,25.80,58.00,50.20,-1.00000000,-1.00000000,-1.00,OK
2025-10-31 23:27:20,device_0,25.80,58.00,49.90,-1.00000000,-1.00000000,-1.00,OK
2025-10-31 23:27:26,device_0,25.80,57.40,50.08,-1.00000000,-1.00000000,-1.00,OK
2025-10-31 23:27:30,device_0,25.80,57.00,50.31,-1.00000000,-1.00000000,-1.00,OK
2025-10-31 23:27:35,device_0,26.04,57.00,50.02,-1.00000000,-1.00000000,-1.00,OK
2025-10-31 23:27:40,device_0,26.20,57.00,50.08,-1.00000000,-1.00000000,-1.00,OK
2025-10-31 23:27:45,device_0,26.20,57.00,49.96,-1.00000000,-1.00000000,-1.00,OK
2025-10-31 23:28:00,device_0,26.20,59.00,36.93,-1.00000000,-1.00000000,-1.00,OK
2025-10-31 23:28:05,device_0,26.20,59.00,35.87,-1.00000000,-1.00000000,-1.00,OK
2025-10-31 23:28:10,device_0,26.20,59.00,37.37,-1.00000000,-1.00000000,-1.00,OK
2025-10-31 23:28:15,device_0,26.20,59.00,41.00,-1.00000000,-1.00000000,-1.00,OK
2025-10-31 23:28:20,device_0,26.20,59.00,39.39,-1.00000000,-1.00000000,-1.00,OK
2025-10-31 23:28:25,device_0,26.20,58.20,40.33,-1.00000000,-1.00000000,-1.00,OK
2025-10-31 23:28:59,device_0,26.20,58.00,36.01,-1.00000000,-1.00000000,-1.00,OK
2025-10-31 23:28:59,device_0,26.20,57.20,36.94,-1.00000000,-1.00000000,-1.00,OK
2025-10-31 23:29:01,device_0,26.20,57.00,37.11,-1.00000000,-1.00000000,-1.00,OK
2025-10-31 23:29:06,device_0,26.20,57.00,40.35,-1.00000000,-1.00000000,-1.00,OK
2025-10-31 23:29:11,device_0,26.20,57.00,36.61,-1.00000000,-1.00000000,-1.00,OK
2025-10-31 23:29:16,device_0,26.24,57.00,36.38,-1.00000000,-1.00000000,-1.00,OK
2025-10-31 23:29:21,device_0,26.58,57.00,36.31,-1.00000000,-1.00000000,-1.00,OK
2025-10-31 23:29:26,device_0,26.70,57.00,39.00,-1.00000000,-1.00000000,-1.00,OK
2025-10-31 23:29:31,device_0,26.70,57.00,42.95,-1.00000000,-1.00000000,-1.00,OK
2025-10-31 23:29:36,device_0,26.70,57.00,44.84,-1.00000000,-1.00000000,-1.00,OK
2025-10-31 23:29:41,device_0,26.70,58.00,35.68,-1.00000000,-1.00000000,-1.00,OK
2025-10-31 23:29:46,device_0,26.70,58.00,37.99,-1.00000000,-1.00000000,-1.00,OK
2025-10-31 23:29:51,device_0,26.70,58.00,39.91,-1.00000000,-1.00000000,-1.00,OK
2025-10-31 23:29:56,device_0,26.70,58.00,68.22,-1.00000000,-1.00000000,-1.00,OK
2025-10-31 23:30:01,device_0,26.70,58.20,36.63,-1.00000000,-1.00000000,-1.00,OK
2025-10-31 23:30:06,device_0,26.70,59.00,41.59,-1.00000000,-1.00000000,-1.00,OK
2025-10-31 23:30:11,device_0,26.70,59.00,36.74,-1.00000000,-1.00000000,-1.00,OK
2025-10-31 23:30:16,device_0,26.70,58.60,68.62,-1.00000000,-1.00000000,-1.00,OK
2025-10-31 23:30:21,device_0,26.70,59.00,35.93,-1.00000000,-1.00000000,-1.00,OK
2025-10-31 23:30:26,device_0,26.70,59.00,57.35,-1.00000000,-1.00000000,-1.00,OK
2025-10-31 23:30:31,device_0,26.70,59.00,37.04,-1.00000000,-1.00000000,-1.00,OK
2025-10-31 23:30:36,device_0,26.70,59.00,54.05,-1.00000000,-1.00000000,-1.00,OK
2025-10-31 23:30:41,device_0,26.70,58.00,47.11,-1.00000000,-1.00000000,-1.00,OK
2025-10-31 23:30:46,device_0,26.70,58.00,42.97,-1.00000000,-1.00000000,-1.00,OK
2025-10-31 23:30:51,device_0,26.70,58.00,37.54,-1.00000000,-1.00000000,-1.00,OK
2025-10-31 23:30:56,device_0,26.70,58.00,40.27,-1.00000000,-1.00000000,-1.00,OK
2025-10-31 23:31:01,device_0,26.70,58.20,47.15,-1.00000000,-1.00000000,-1.00,OK
2025-10-31 23:31:06,device_0,26.70,59.00,45.43,-1.00000000,-1.00000000,-1.00,OK
2025-10-31 23:31:11,device_0,26.70,59.00,36.08,-1.00000000,-1.00000000,-1.00,OK
2025-10-31 23:31:16,device_0,26.70,59.00,44.11,-1.00000000,-1.00000000,-1.00,OK
2025-10-31 23:31:21,device_0,26.70,59.00,37.33,-1.00000000,-1.00000000,-1.00,OK
2025-10-31 23:31:26,device_0,26.70,59.00,38.79,-1.00000000,-1.00000000,-1.00,OK
2025-10-31 23:31:31,device_0,26.70,59.00,36.10,-1.00000000,-1.00000000,-1.00,OK
2025-10-31 23:31:36,device_0,26.70,59.00,34.28,-1.00000000,-1.00000000,-1.00,OK
2025-10-31 23:33:27,device_0,26.60,60.00,31.90,-1.00000000,-1.00000000,-1.00,OK
2025-10-31 23:33:32,device_0,26.68,60.00,33.36,-1.00000000,-1.00000000,-1.00,OK
2025-10-31 23:33:37,device_0,26.70,60.60,46.64,-1.00000000,-1.00000000,-1.00,OK
2025-10-31 23:33:42,device_0,26.70,61.00,44.28,-1.00000000,-1.00000000,-1.00,OK
2025-10-31 23:33:47,device_0,26.70,61.00,42.72,-1.00000000,-1.00000000,-1.00,OK
2025-10-31 23:33:52,device_0,26.70,61.00,31.88,-1.00000000,-1.00000000,-1.00,OK
2025-10-31 23:33:57,device_0,26.70,61.00,31.96,-1.00000000,-1.00000000,-1.00,OK
2025-10-31 23:34:02,device_0,26.70,61.00,31.08,-1.00000000,-1.00000000,-1.00,OK
2025-10-31 23:34:07,device_0,26.70,61.00,56.12,-1.00000000,-1.00000000,-1.00,OK
2025-10-31 23:34:12,device_0,26.70,61.00,35.87,-1.00000000,-1.00000000,-1.00,OK
2025-10-31 23:34:17,device_0,26.70,61.20,30.64,-1.00000000,-1.00000000,-1.00,OK
2025-10-31 23:34:22,device_0,26.70,62.00,30.42,-1.00000000,-1.00000000,-1.00,OK
2025-10-31 23:34:27,device_0,26.70,61.00,36.30,-1.00000000,-1.00000000,-1.00,OK
2025-10-31 23:34:32,device_0,26.70,61.00,37.57,-1.00000000,-1.00000000,-1.00,OK
2025-10-31 23:34:37,device_0,26.70,61.00,34.80,-1.00000000,-1.00000000,-1.00,OK
2025-10-31 23:34:42,device_0,26.70,61.00,50.42,-1.00000000,-1.00000000,-1.00,OK
2025-10-31 23:34:47,device_0,26.70,61.00,36.45,-1.00000000,-1.00000000,-1.00,OK
2025-10-31 23:34:52,device_0,26.70,61.00,31.37,-1.00000000,-1.00000000,-1.00,OK
2025-10-31 23:34:57,device_0,26.70,61.60,31.47,-1.00000000,-1.00000000,-1.00,OK
2025-10-31 23:35:02,device_0,26.70,61.20,30.78,-1.00000000,-1.00000000,-1.00,OK
2025-10-31 23:35:07,device_0,26.70,61.60,31.11,-1.00000000,-1.00000000,-1.00,OK
2025-10-31 23:35:12,device_0,26.70,62.00,30.57,-1.00000000,-1.00000000,-1.00,OK
2025-10-31 23:35:17,device_0,26.70,62.00,30.11,-1.00000000,-1.00000000,-1.00,OK
2025-10-31 23:35:22,device_0,26.70,62.00,30.75,-1.00000000,-1.00000000,-1.00,OK
2025-10-31 23:35:27,device_0,26.70,62.00,30.45,-1.00000000,-1.00000000,-1.00,OK
2025-10-31 23:35:32,device_0,26.70,62.00,30.30,-1.00000000,-1.00000000,-1.00,OK
2025-10-31 23:35:37,device_0,26.70,62.00,30.23,-1.00000000,-1.00000000,-1.00,OK
2025-10-31 23:35:42,device_0,26.70,62.00,30.86,-1.00000000,-1.00000000,-1.00,OK
2025-10-31 23:35:47,device_0,26.70,61.80,31.28,-1.00000000,-1.00000000,-1.00,OK
2025-10-31 23:35:52,device_0,26.70,61.00,30.15,-1.00000000,-1.00000000,-1.00,OK
2025-10-31 23:35:57,device_0,26.70,61.00,31.78,-1.00000000,-1.00000000,-1.00,OK
2025-10-31 23:36:02,device_0,26.70,61.00,33.08,-1.00000000,-1.00000000,-1.00,OK
2025-10-31 23:36:07,device_0,26.70,61.20,32.43,-1.00000000,-1.00000000,-1.00,OK
2025-10-31 23:36:12,device_0,26.70,62.00,52.95,-1.00000000,-1.00000000,-1.00,OK
2025-10-31 23:36:17,device_0,26.70,62.00,34.10,-1.00000000,-1.00000000,-1.00,OK
2025-10-31 23:36:22,device_0,26.70,62.80,51.51,-1.00000000,-1.00000000,-1.00,OK
2025-10-31 23:36:27,device_0,26.70,63.00,45.18,-1.00000000,-1.00000000,-1.00,OK
2025-10-31 23:36:32,device_0,26.70,63.00,52.37,-1.00000000,-1.00000000,-1.00,OK
2025-10-31 23:36:37,device_0,26.70,64.00,32.83,-1.00000000,-1.00000000,-1.00,OK
2025-10-31 23:36:42,device_0,26.70,63.20,31.63,-1.00000000,-1.00000000,-1.00,OK
2025-10-31 23:36:47,device_0,26.70,63.00,32.91,-1.00000000,-1.00000000,-1.00,OK
2025-10-31 23:36:52,device_0,26.70,63.00,31.47,-1.00000000,-1.00000000,-1.00,OK
2025-10-31 23:36:57,device_0,26.70,63.00,31.37,-1.00000000,-1.00000000,-1.00,OK
2025-10-31 23:37:02,device_0,26.70,63.00,32.12,-1.00000000,-1.00000000,-1.00,OK
2025-10-31 23:37:07,device_0,26.70,62.40,33.04,-1.00000000,-1.00000000,-1.00,OK
2025-10-31 23:37:12,device_0,26.70,62.00,33.95,-1.00000000,-1.00000000,-1.00,OK
2025-10-31 23:37:17,device_0,26.70,62.00,32.02,-1.00000000,-1.00000000,-1.00,OK
2025-10-31 23:37:22,device_0,26.70,62.00,32.31,-1.00000000,-1.00000000,-1.00,OK
2025-10-31 23:37:27,device_0,26.70,62.00,30.35,-1.00000000,-1.00000000,-1.00,OK
2025-10-31 23:37:32,device_0,26.70,62.00,31.58,-1.00000000,-1.00000000,-1.00,OK
2025-10-31 23:37:37,device_0,26.70,62.00,30.01,-1.00000000,-1.00000000,-1.00,OK
2025-10-31 23:37:42,device_0,26.70,62.00,30.08,-1.00000000,-1.00000000,-1.00,OK
2025-10-31 23:37:47,device_0,26.70,62.00,32.21,-1.00000000,-1.00000000,-1.00,OK
2025-10-31 23:37:52,device_0,26.70,62.00,31.51,-1.00000000,-1.00000000,-1.00,OK
2025-10-31 23:37:57,device_0,26.70,62.00,31.22,-1.00000000,-1.00000000,-1.00,OK
2025-10-31 23:38:02,device_0,26.70,62.00,31.79,-1.00000000,-1.00000000,-1.00,OK
2025-10-31 23:38:07,device_0,26.70,62.00,38.97,-1.00000000,-1.00000000,-1.00,OK
2025-10-31 23:38:12,device_0,26.70,62.00,41.30,-1.00000000,-1.00000000,-1.00,OK
2025-10-31 23:38:17,device_0,26.70,62.00,41.03,-1.00000000,-1.00000000,-1.00,OK
2025-10-31 23:38:22,device_0,26.86,62.80,51.97,-1.00000000,-1.00000000,-1.00,OK
2025-10-31 23:38:27,device_0,27.10,63.20,38.03,-1.00000000,-1.00000000,-1.00,OK
2025-10-31 23:38:32,device_0,27.10,64.00,34.48,-1.00000000,-1.00000000,-1.00,OK
2025-10-31 23:38:37,device_0,27.10,64.00,33.48,-1.00000000,-1.00000000,-1.00,OK
2025-10-31 23:38:42,device_0,27.10,63.20,32.48,-1.00000000,-1.00000000,-1.00,OK
2025-10-31 23:38:47,device_0,27.10,63.00,38.07,-1.00000000,-1.00000000,-1.00,OK
2025-10-31 23:38:52,device_0,27.10,63.00,32.34,-1.00000000,-1.00000000,-1.00,OK
2025-10-31 23:38:57,device_0,27.10,63.00,33.43,-1.00000000,-1.00000000,-1.00,OK
2025-10-31 23:39:02,device_0,27.10,63.00,33.04,-1.00000000,-1.00000000,-1.00,OK
2025-10-31 23:39:07,device_0,27.10,63.00,32.76,-1.00000000,-1.00000000,-1.00,OK
2025-10-31 23:39:12,device_0,27.10,63.00,33.20,-1.00000000,-1.00000000,-1.00,OK
2025-10-31 23:39:17,device_0,27.10,63.00,33.14,-1.00000000,-1.00000000,-1.00,OK
2025-10-31 23:39:22,device_0,27.10,63.00,33.25,-1.00000000,-1.00000000,-1.00,OK
2025-10-31 23:39:27,device_0,27.10,63.00,33.51,-1.00000000,-1.00000000,-1.00,OK
2025-10-31 23:39:32,device_0,27.10,63.00,33.97,-1.00000000,-1.00000000,-1.00,OK
2025-10-31 23:39:37,device_0,27.10,63.00,33.06,-1.00000000,-1.00000000,-1.00,OK
2025-10-31 23:39:42,device_0,27.10,63.00,32.52,-1.00000000,-1.00000000,-1.00,OK
2025-10-31 23:39:47,device_0,27.10,63.00,32.84,-1.00000000,-1.00000000,-1.00,OK
2025-10-31 23:40:10,device_0,26.97,62.67,33.12,-1.00000000,-1.00000000,-1.00,OK
2025-10-31 23:40:15,device_0,26.70,62.80,34.55,-1.00000000,-1.00000000,-1.00,OK
2025-10-31 23:40:20,device_0,26.70,63.00,34.01,-1.00000000,-1.00000000,-1.00,OK
2025-10-31 23:40:25,device_0,26.70,63.00,34.44,-1.00000000,-1.00000000,-1.00,OK
2025-10-31 23:40:30,device_0,26.70,63.00,34.54,-1.00000000,-1.00000000,-1.00,OK
2025-10-31 23:40:35,device_0,26.70,63.00,34.92,-1.00000000,-1.00000000,-1.00,OK
2025-10-31 23:40:40,device_0,26.70,63.00,35.81,-1.00000000,-1.00000000,-1.00,OK
2025-10-31 23:40:46,device_0,26.70,63.00,34.84,-1.00000000,-1.00000000,-1.00,OK
2025-10-31 23:40:50,device_0,26.70,63.00,35.24,-1.00000000,-1.00000000,-1.00,OK
2025-10-31 23:40:55,device_0,26.70,63.00,34.58,-1.00000000,-1.00000000,-1.00,OK
2025-10-31 23:41:00,device_0,26.70,63.00,33.93,-1.00000000,-1.00000000,-1.00,OK
2025-10-31 23:41:05,device_0,26.70,63.00,34.22,-1.00000000,-1.00000000,-1.00,OK
2025-10-31 23:41:10,device_0,26.70,63.00,33.44,-1.00000000,-1.00000000,-1.00,OK
2025-10-31 23:41:15,device_0,26.70,63.00,33.42,-1.00000000,-1.00000000,-1.00,OK
2025-10-31 23:41:20,device_0,26.70,63.60,38.67,-1.00000000,-1.00000000,-1.00,OK
2025-10-31 23:41:25,device_0,26.70,64.00,34.51,-1.00000000,-1.00000000,-1.00,OK
2025-10-31 23:41:30,device_0,26.70,64.00,48.23,-1.00000000,-1.00000000,-1.00,OK
2025-10-31 23:41:35,device_0,26.70,64.00,51.63,-1.00000000,-1.00000000,-1.00,OK
2025-10-31 23:41:41,device_0,26.70,64.00,35.64,-1.00000000,-1.00000000,-1.00,OK
2025-10-31 23:41:45,device_0,26.74,64.00,34.80,-1.00000000,-1.00000000,-1.00,OK
2025-10-31 23:41:50,device_0,27.10,64.00,34.17,-1.00000000,-1.00000000,-1.00,OK
2025-10-31 23:41:55,device_0,27.10,64.00,37.00,-1.00000000,-1.00000000,-1.00,OK
2025-10-31 23:42:00,device_0,27.10,64.00,36.09,-1.00000000,-1.00000000,-1.00,OK
2025-10-31 23:42:05,device_0,27.10,64.00,36.86,-1.00000000,-1.00000000,-1.00,OK
2025-10-31 23:42:11,device_0,27.10,64.60,34.45,-1.00000000,-1.00000000,-1.00,OK
2025-10-31 23:42:16,device_0,27.10,65.00,36.84,-1.00000000,-1.00000000,-1.00,OK
2025-10-31 23:42:20,device_0,27.10,65.00,35.54,-1.00000000,-1.00000000,-1.00,OK
2025-10-31 23:42:25,device_0,27.10,65.00,35.09,-1.00000000,-1.00000000,-1.00,OK
2025-10-31 23:42:30,device_0,27.10,65.00,35.01,-1.00000000,-1.00000000,-1.00,OK
2025-10-31 23:42:35,device_0,27.10,65.00,39.98,-1.00000000,-1.00000000,-1.00,OK
2025-10-31 23:42:40,device_0,27.10,65.00,38.39,-1.00000000,-1.00000000,-1.00,OK
2025-10-31 23:42:45,device_0,27.10,65.00,33.60,-1.00000000,-1.00000000,-1.00,OK
2025-10-31 23:42:50,device_0,27.10,65.00,34.02,-1.00000000,-1.00000000,-1.00,OK
2025-10-31 23:42:55,device_0,27.10,65.00,35.33,-1.00000000,-1.00000000,-1.00,OK
2025-10-31 23:43:00,device_0,27.10,65.00,37.21,-1.00000000,-1.00000000,-1.00,OK
2025-10-31 23:43:05,device_0,27.10,65.00,38.10,-1.00000000,-1.00000000,-1.00,OK
2025-10-31 23:43:10,device_0,27.10,64.40,36.27,-1.00000000,-1.00000000,-1.00,OK
2025-10-31 23:43:15,device_0,27.10,64.00,34.38,-1.00000000,-1.00000000,-1.00,OK
2025-10-31 23:43:20,device_0,27.10,64.00,35.04,-1.00000000,-1.00000000,-1.00,OK
2025-10-31 23:43:25,device_0,27.10,64.00,36.96,-1.00000000,-1.00000000,-1.00,OK
2025-10-31 23:43:30,device_0,27.10,64.00,36.81,-1.00000000,-1.00000000,-1.00,OK
2025-10-31 23:43:35,device_0,27.10,64.00,35.77,-1.00000000,-1.00000000,-1.00,OK
2025-10-31 23:43:40,device_0,27.10,64.00,35.52,-1.00000000,-1.00000000,-1.00,OK
2025-10-31 23:43:46,device_0,27.10,64.00,35.12,-1.00000000,-1.00000000,-1.00,OK
2025-10-31 23:43:50,device_0,27.10,64.00,34.38,-1.00000000,-1.00000000,-1.00,OK
2025-10-31 23:43:55,device_0,27.10,64.00,38.38,-1.00000000,-1.00000000,-1.00,OK
2025-10-31 23:44:00,device_0,27.10,64.00,36.26,-1.00000000,-1.00000000,-1.00,OK
2025-10-31 23:44:05,device_0,27.10,64.00,38.55,-1.00000000,-1.00000000,-1.00,OK
2025-10-31 23:44:10,device_0,27.10,64.00,36.20,-1.00000000,-1.00000000,-1.00,OK
2025-10-31 23:44:15,device_0,27.10,64.00,36.74,-1.00000000,-1.00000000,-1.00,OK
2025-10-31 23:44:20,device_0,27.10,64.00,34.27,-1.00000000,-1.00000000,-1.00,OK
2025-10-31 23:44:25,device_0,27.10,64.00,33.95,-1.00000000,-1.00000000,-1.00,OK
2025-10-31 23:44:30,device_0,27.10,64.00,38.60,-1.00000000,-1.00000000,-1.00,OK
2025-10-31 23:44:35,device_0,27.10,64.00,34.46,-1.00000000,-1.00000000,-1.00,OK
2025-10-31 23:44:40,device_0,27.10,64.00,34.25,-1.00000000,-1.00000000,-1.00,OK
2025-10-31 23:44:45,device_0,27.10,64.00,52.21,-1.00000000,-1.00000000,-1.00,OK
2025-10-31 23:44:50,device_0,27.10,64.00,34.11,-1.00000000,-1.00000000,-1.00,OK
2025-10-31 23:44:55,device_0,27.10,64.80,78.56,-1.00000000,-1.00000000,-1.00,OK
2025-10-31 23:45:01,device_0,27.10,65.00,86.41,-1.00000000,-1.00000000,-1.00,OK
2025-10-31 23:45:05,device_0,27.10,65.00,38.38,-1.00000000,-1.00000000,-1.00,OK
2025-10-31 23:45:10,device_0,27.10,65.00,33.78,-1.00000000,-1.00000000,-1.00,OK
2025-10-31 23:45:15,device_0,27.10,65.00,43.88,-1.00000000,-1.00000000,-1.00,OK
2025-10-31 23:45:20,device_0,27.10,65.00,43.12,-1.00000000,-1.00000000,-1.00,OK
2025-10-31 23:45:26,device_0,27.10,65.00,40.66,-1.00000000,-1.00000000,-1.00,OK
2025-10-31 23:45:30,device_0,27.10,65.00,69.18,-1.00000000,-1.00000000,-1.00,OK
2025-10-31 23:45:35,device_0,27.10,65.00,48.49,-1.00000000,-1.00000000,-1.00,OK
2025-10-31 23:45:40,device_0,27.10,66.60,86.10,-1.00000000,-1.00000000,-1.00,OK
2025-10-31 23:45:45,device_0,27.10,67.40,59.78,-1.00000000,-1.00000000,-1.00,OK
2025-10-31 23:45:50,device_0,27.10,67.00,75.70,-1.00000000,-1.00000000,-1.00,OK
2025-10-31 23:45:55,device_0,27.10,67.00,34.31,-1.00000000,-1.00000000,-1.00,OK
2025-10-31 23:46:00,device_0,27.10,67.00,33.61,-1.00000000,-1.00000000,-1.00,OK
2025-10-31 23:46:05,device_0,27.10,67.00,37.29,-1.00000000,-1.00000000,-1.00,OK
2025-10-31 23:46:10,device_0,27.10,66.40,35.92,-1.00000000,-1.00000000,-1.00,OK
2025-10-31 23:46:15,device_0,27.10,66.00,33.73,-1.00000000,-1.00000000,-1.00,OK
2025-10-31 23:46:20,device_0,27.10,66.00,33.63,-1.00000000,-1.00000000,-1.00,OK
2025-10-31 23:46:25,device_0,27.10,66.00,37.87,-1.00000000,-1.00000000,-1.00,OK
2025-10-31 23:46:30,device_0,27.10,66.00,35.65,-1.00000000,-1.00000000,-1.00,OK
2025-10-31 23:46:35,device_0,27.10,66.00,33.85,-1.00000000,-1.00000000,-1.00,OK
2025-10-31 23:46:40,device_0,27.10,66.00,34.06,-1.00000000,-1.00000000,-1.00,OK
2025-10-31 23:46:45,device_0,27.10,66.00,34.58,-1.00000000,-1.00000000,-1.00,OK
2025-10-31 23:46:50,device_0,27.10,66.00,35.40,-1.00000000,-1.00000000,-1.00,OK
2025-10-31 23:46:55,device_0,27.10,66.00,37.24,-1.00000000,-1.00000000,-1.00,OK
